Date and Time (UTC),Receiver,Transmitter,Transmitter Name,Transmitter Serial,Sensor Value,Sensor Unit,Station Name,Latitude,Longitude
23/04/10 7:15,VR2W-104858,A69-9002-2116,,,4,ADC,,,
23/04/10 7:18,VR2W-104858,A69-9002-2116,,,4,ADC,,,
23/04/10 8:08,VR2W-104858,A69-9002-2116,,,4,ADC,,,
23/04/10 8:10,VR2W-104858,A69-9002-2116,,,4,ADC,,,
28/04/10 6:23,VR2W-104844,A69-9002-2116,,,4,ADC,,,
28/04/10 6:59,VR2W-104851,A69-9002-2116,,,6,ADC,,,
28/04/10 7:01,VR2W-104851,A69-9002-2116,,,8,ADC,,,
28/04/10 7:03,VR2W-104851,A69-9002-2116,,,10,ADC,,,
28/04/10 7:05,VR2W-104851,A69-9002-2116,,,11,ADC,,,
28/04/10 7:07,VR2W-104851,A69-9002-2116,,,13,ADC,,,
28/04/10 7:09,VR2W-104851,A69-9002-2116,,,7,ADC,,,
28/04/10 7:12,VR2W-104851,A69-9002-2116,,,7,ADC,,,
28/04/10 7:16,VR2W-104851,A69-9002-2116,,,10,ADC,,,
28/04/10 7:25,VR2W-104851,A69-9002-2116,,,18,ADC,,,
28/04/10 8:05,VR2W-104858,A69-9002-2116,,,9,ADC,,,
28/04/10 8:12,VR2W-104858,A69-9002-2116,,,9,ADC,,,
28/04/10 8:20,VR2W-104858,A69-9002-2116,,,12,ADC,,,
28/04/10 8:26,VR2W-104858,A69-9002-2116,,,7,ADC,,,
28/04/10 8:28,VR2W-104858,A69-9002-2116,,,8,ADC,,,
28/04/10 8:30,VR2W-104858,A69-9002-2116,,,8,ADC,,,
28/04/10 8:49,VR2W-104858,A69-9002-2116,,,8,ADC,,,
28/04/10 8:51,VR2W-104858,A69-9002-2116,,,9,ADC,,,
28/04/10 8:54,VR2W-104858,A69-9002-2116,,,9,ADC,,,
28/04/10 12:22,VR2W-104844,A69-9002-2116,,,9,ADC,,,
28/04/10 12:24,VR2W-104844,A69-9002-2116,,,10,ADC,,,
28/04/10 12:26,VR2W-104844,A69-9002-2116,,,12,ADC,,,
28/04/10 12:32,VR2W-104844,A69-9002-2116,,,15,ADC,,,
28/04/10 12:35,VR2W-104844,A69-9002-2116,,,10,ADC,,,
28/04/10 12:38,VR2W-104844,A69-9002-2116,,,6,ADC,,,
28/04/10 12:54,VR2W-104844,A69-9002-2116,,,16,ADC,,,
28/04/10 13:02,VR2W-104844,A69-9002-2116,,,17,ADC,,,
28/04/10 13:04,VR2W-104844,A69-9002-2116,,,17,ADC,,,
28/04/10 13:07,VR2W-104844,A69-9002-2116,,,17,ADC,,,
28/04/10 13:18,VR2W-104844,A69-9002-2116,,,16,ADC,,,
28/04/10 13:21,VR2W-104844,A69-9002-2116,,,9,ADC,,,
28/04/10 14:32,VR2W-104844,A69-9002-2116,,,4,ADC,,,
28/04/10 14:40,VR2W-104844,A69-9002-2116,,,9,ADC,,,
28/04/10 14:51,VR2W-104844,A69-9002-2116,,,4,ADC,,,
28/04/10 14:53,VR2W-104844,A69-9002-2116,,,5,ADC,,,
28/04/10 14:55,VR2W-104844,A69-9002-2116,,,7,ADC,,,
28/04/10 16:01,VR2W-104854,A69-9002-2116,,,4,ADC,,,
28/04/10 16:34,VR2W-104854,A69-9002-2116,,,4,ADC,,,
28/04/10 16:37,VR2W-104854,A69-9002-2116,,,4,ADC,,,
24/05/10 17:16,VR2W-104851,A69-9002-2116,,,7,ADC,,,
24/05/10 17:21,VR2W-104851,A69-9002-2116,,,5,ADC,,,
24/05/10 17:22,VR2W-104851,A69-9002-2116,,,5,ADC,,,
24/05/10 19:17,VR2W-104858,A69-9002-2116,,,5,ADC,,,
24/05/10 19:18,VR2W-104858,A69-9002-2116,,,5,ADC,,,
24/05/10 19:20,VR2W-104858,A69-9002-2116,,,6,ADC,,,
24/05/10 19:35,VR2W-104858,A69-9002-2116,,,6,ADC,,,
24/05/10 19:39,VR2W-104858,A69-9002-2116,,,6,ADC,,,
24/05/10 19:55,VR2W-104858,A69-9002-2116,,,6,ADC,,,
24/05/10 19:57,VR2W-104858,A69-9002-2116,,,8,ADC,,,
24/05/10 20:07,VR2W-104858,A69-9002-2116,,,7,ADC,,,
24/05/10 20:11,VR2W-104858,A69-9002-2116,,,6,ADC,,,
24/05/10 20:24,VR2W-104858,A69-9002-2116,,,7,ADC,,,
24/05/10 20:39,VR2W-104858,A69-9002-2116,,,7,ADC,,,
24/05/10 20:46,VR2W-104858,A69-9002-2116,,,7,ADC,,,
24/05/10 20:58,VR2W-104858,A69-9002-2116,,,6,ADC,,,
24/05/10 21:00,VR2W-104858,A69-9002-2116,,,5,ADC,,,
24/05/10 21:26,VR2W-104858,A69-9002-2116,,,7,ADC,,,
24/05/10 21:31,VR2W-104858,A69-9002-2116,,,6,ADC,,,
24/05/10 22:50,VR2W-104858,A69-9002-2116,,,6,ADC,,,
24/05/10 23:59,VR2W-104858,A69-9002-2116,,,8,ADC,,,
25/05/10 1:05,VR2W-104851,A69-9002-2116,,,5,ADC,,,
25/05/10 1:24,VR2W-104851,A69-9002-2116,,,6,ADC,,,
25/05/10 1:25,VR2W-104851,A69-9002-2116,,,4,ADC,,,
25/05/10 1:26,VR2W-104851,A69-9002-2116,,,4,ADC,,,
25/05/10 1:28,VR2W-104851,A69-9002-2116,,,10,ADC,,,
25/05/10 1:30,VR2W-104851,A69-9002-2116,,,12,ADC,,,
25/05/10 1:34,VR2W-104851,A69-9002-2116,,,7,ADC,,,
25/05/10 1:36,VR2W-104851,A69-9002-2116,,,11,ADC,,,
25/05/10 1:37,VR2W-104851,A69-9002-2116,,,12,ADC,,,
25/05/10 3:00,VR2W-104851,A69-9002-2116,,,9,ADC,,,
25/05/10 3:25,VR2W-104851,A69-9002-2116,,,4,ADC,,,
25/05/10 3:29,VR2W-104851,A69-9002-2116,,,4,ADC,,,
25/05/10 3:31,VR2W-104851,A69-9002-2116,,,4,ADC,,,
25/05/10 5:11,VR2W-104851,A69-9002-2116,,,17,ADC,,,
25/05/10 5:14,VR2W-104851,A69-9002-2116,,,18,ADC,,,
25/05/10 5:17,VR2W-104851,A69-9002-2116,,,17,ADC,,,
25/05/10 5:19,VR2W-104851,A69-9002-2116,,,10,ADC,,,
25/05/10 5:23,VR2W-104851,A69-9002-2116,,,13,ADC,,,
25/05/10 5:28,VR2W-104851,A69-9002-2116,,,17,ADC,,,
25/05/10 7:11,VR2W-104851,A69-9002-2116,,,7,ADC,,,
25/05/10 7:13,VR2W-104851,A69-9002-2116,,,4,ADC,,,
25/05/10 7:15,VR2W-104851,A69-9002-2116,,,4,ADC,,,
25/05/10 7:17,VR2W-104851,A69-9002-2116,,,4,ADC,,,
25/05/10 7:19,VR2W-104851,A69-9002-2116,,,6,ADC,,,
25/05/10 7:20,VR2W-104851,A69-9002-2116,,,7,ADC,,,
25/05/10 7:21,VR2W-104851,A69-9002-2116,,,9,ADC,,,
25/05/10 8:56,VR2W-104844,A69-9002-2116,,,18,ADC,,,
25/05/10 8:57,VR2W-104844,A69-9002-2116,,,18,ADC,,,
25/05/10 8:58,VR2W-104844,A69-9002-2116,,,17,ADC,,,
25/05/10 8:59,VR2W-104844,A69-9002-2116,,,18,ADC,,,
25/05/10 9:01,VR2W-104844,A69-9002-2116,,,18,ADC,,,
25/05/10 9:05,VR2W-104844,A69-9002-2116,,,18,ADC,,,
25/05/10 9:08,VR2W-104844,A69-9002-2116,,,17,ADC,,,
25/05/10 9:13,VR2W-104844,A69-9002-2116,,,12,ADC,,,
25/05/10 9:16,VR2W-104856,A69-9002-2116,,,5,ADC,,,
25/05/10 10:27,VR2W-104844,A69-9002-2116,,,18,ADC,,,
25/05/10 10:29,VR2W-104844,A69-9002-2116,,,17,ADC,,,
25/05/10 10:32,VR2W-104844,A69-9002-2116,,,17,ADC,,,
25/05/10 10:34,VR2W-104844,A69-9002-2116,,,17,ADC,,,
25/05/10 10:36,VR2W-104844,A69-9002-2116,,,17,ADC,,,
25/05/10 10:41,VR2W-104844,A69-9002-2116,,,16,ADC,,,
25/05/10 14:03,VR2W-104844,A69-9002-2116,,,12,ADC,,,
25/05/10 14:08,VR2W-104844,A69-9002-2116,,,17,ADC,,,
25/05/10 14:10,VR2W-104844,A69-9002-2116,,,17,ADC,,,
25/05/10 14:11,VR2W-104844,A69-9002-2116,,,17,ADC,,,
25/05/10 14:14,VR2W-104844,A69-9002-2116,,,16,ADC,,,
25/05/10 14:17,VR2W-104844,A69-9002-2116,,,15,ADC,,,
25/05/10 17:36,VR2W-104854,A69-9002-2116,,,4,ADC,,,
25/05/10 17:40,VR2W-104854,A69-9002-2116,,,4,ADC,,,
25/05/10 17:43,VR2W-104854,A69-9002-2116,,,4,ADC,,,
25/05/10 17:55,VR2W-104854,A69-9002-2116,,,4,ADC,,,
25/05/10 17:57,VR2W-104854,A69-9002-2116,,,4,ADC,,,
25/05/10 18:39,VR2W-104854,A69-9002-2116,,,8,ADC,,,
25/05/10 18:40,VR2W-104854,A69-9002-2116,,,4,ADC,,,
25/05/10 18:42,VR2W-104854,A69-9002-2116,,,4,ADC,,,
25/05/10 20:20,VR2W-104856,A69-9002-2116,,,5,ADC,,,
25/05/10 20:23,VR2W-104856,A69-9002-2116,,,6,ADC,,,
25/05/10 23:02,VR2W-104856,A69-9002-2116,,,11,ADC,,,
26/05/10 0:17,VR2W-104856,A69-9002-2116,,,15,ADC,,,
26/05/10 0:19,VR2W-104856,A69-9002-2116,,,15,ADC,,,
26/05/10 0:20,VR2W-104856,A69-9002-2116,,,13,ADC,,,
26/05/10 0:22,VR2W-104856,A69-9002-2116,,,11,ADC,,,
26/05/10 0:24,VR2W-104856,A69-9002-2116,,,13,ADC,,,
26/05/10 0:26,VR2W-104856,A69-9002-2116,,,16,ADC,,,
26/05/10 1:13,VR2W-104854,A69-9002-2116,,,6,ADC,,,
28/05/10 14:31,VR2W-109032,A69-9002-2116,,,4,ADC,,,
29/05/10 0:14,VR2W-109032,A69-9002-2116,,,11,ADC,,,
29/05/10 0:16,VR2W-109032,A69-9002-2116,,,9,ADC,,,
29/05/10 0:17,VR2W-109032,A69-9002-2116,,,8,ADC,,,
29/05/10 0:20,VR2W-109032,A69-9002-2116,,,9,ADC,,,
29/05/10 4:59,VR2W-109032,A69-9002-2116,,,5,ADC,,,
29/05/10 11:19,VR2W-109032,A69-9002-2116,,,12,ADC,,,
29/05/10 11:22,VR2W-109032,A69-9002-2116,,,4,ADC,,,
29/05/10 11:25,VR2W-109032,A69-9002-2116,,,4,ADC,,,
3/06/10 14:05,VR2W-109032,A69-9002-2116,,,14,ADC,,,
4/06/10 9:49,VR2W-109032,A69-9002-2116,,,6,ADC,,,
10/06/10 22:00,VR2W-109032,A69-9002-2116,,,13,ADC,,,
10/06/10 22:02,VR2W-109032,A69-9002-2116,,,13,ADC,,,
10/06/10 22:08,VR2W-109032,A69-9002-2116,,,13,ADC,,,
15/06/10 19:18,VR2W-109032,A69-9002-2116,,,4,ADC,,,
15/06/10 19:20,VR2W-109032,A69-9002-2116,,,4,ADC,,,
28/06/10 18:19,VR2W-104854,A69-9002-2116,,,9,ADC,,,
28/06/10 18:21,VR2W-104854,A69-9002-2116,,,9,ADC,,,
28/06/10 18:23,VR2W-104854,A69-9002-2116,,,7,ADC,,,
28/06/10 18:25,VR2W-104854,A69-9002-2116,,,7,ADC,,,
28/06/10 18:27,VR2W-104854,A69-9002-2116,,,7,ADC,,,
29/06/10 0:08,VR2W-104854,A69-9002-2116,,,7,ADC,,,
29/06/10 0:11,VR2W-104854,A69-9002-2116,,,4,ADC,,,
29/06/10 0:14,VR2W-104854,A69-9002-2116,,,4,ADC,,,
29/06/10 0:17,VR2W-104854,A69-9002-2116,,,5,ADC,,,
29/06/10 0:22,VR2W-104854,A69-9002-2116,,,8,ADC,,,
29/06/10 0:29,VR2W-104853,A69-9002-2116,,,4,ADC,,,
29/06/10 0:32,VR2W-104853,A69-9002-2116,,,5,ADC,,,
29/06/10 0:34,VR2W-104853,A69-9002-2116,,,7,ADC,,,
29/06/10 0:37,VR2W-103917,A69-9002-2116,,,4,ADC,,,
29/06/10 0:44,VR2W-104845,A69-9002-2116,,,4,ADC,,,
29/06/10 0:44,VR2W-103918,A69-9002-2116,,,7,ADC,,,
29/06/10 0:47,VR2W-104850,A69-9002-2116,,,7,ADC,,,
29/06/10 0:47,VR2W-103918,A69-9002-2116,,,4,ADC,,,
29/06/10 0:48,VR2W-103920,A69-9002-2116,,,4,ADC,,,
29/06/10 0:48,VR2W-103921,A69-9002-2116,,,4,ADC,,,
29/06/10 0:48,VR2W-104849,A69-9002-2116,,,4,ADC,,,
29/06/10 0:49,VR2W-104850,A69-9002-2116,,,7,ADC,,,
29/06/10 0:49,VR2W-103917,A69-9002-2116,,,4,ADC,,,
29/06/10 0:50,VR2W-104850,A69-9002-2116,,,4,ADC,,,
29/06/10 0:50,VR2W-104860,A69-9002-2116,,,4,ADC,,,
29/06/10 0:51,VR2W-104845,A69-9002-2116,,,5,ADC,,,
29/06/10 0:52,VR2W-104850,A69-9002-2116,,,5,ADC,,,
29/06/10 1:00,VR2W-109050,A69-9002-2116,,,4,ADC,,,
29/06/10 1:03,VR2W-109050,A69-9002-2116,,,4,ADC,,,
29/06/10 1:09,VR2W-109050,A69-9002-2116,,,4,ADC,,,
29/06/10 1:23,VR2W-104853,A69-9002-2116,,,8,ADC,,,
29/06/10 1:24,VR2W-104853,A69-9002-2116,,,7,ADC,,,
29/06/10 1:26,VR2W-104853,A69-9002-2116,,,4,ADC,,,
29/06/10 1:28,VR2W-104853,A69-9002-2116,,,5,ADC,,,
29/06/10 1:31,VR2W-104853,A69-9002-2116,,,10,ADC,,,
29/06/10 1:40,VR2W-104852,A69-9002-2116,,,8,ADC,,,
4/07/10 15:56,VR2W-104858,A69-9002-2116,,,6,ADC,,,
4/07/10 15:58,VR2W-104858,A69-9002-2116,,,9,ADC,,,
4/07/10 16:00,VR2W-104858,A69-9002-2116,,,12,ADC,,,
4/07/10 16:02,VR2W-104858,A69-9002-2116,,,12,ADC,,,
4/07/10 16:05,VR2W-104858,A69-9002-2116,,,11,ADC,,,
5/07/10 20:14,VR2W-109032,A69-9002-2116,,,8,ADC,,,
5/07/10 20:17,VR2W-109032,A69-9002-2116,,,10,ADC,,,
5/07/10 20:19,VR2W-109032,A69-9002-2116,,,14,ADC,,,
5/07/10 20:22,VR2W-109032,A69-9002-2116,,,16,ADC,,,
5/07/10 20:24,VR2W-109032,A69-9002-2116,,,18,ADC,,,
5/07/10 20:26,VR2W-109032,A69-9002-2116,,,17,ADC,,,
5/07/10 20:27,VR2W-109032,A69-9002-2116,,,17,ADC,,,
5/07/10 20:30,VR2W-109032,A69-9002-2116,,,16,ADC,,,
5/07/10 20:31,VR2W-109032,A69-9002-2116,,,16,ADC,,,
5/07/10 20:37,VR2W-109032,A69-9002-2116,,,15,ADC,,,
21/07/10 0:03,VR2W-104857,A69-9002-2116,,,4,ADC,,,
21/07/10 0:05,VR2W-104857,A69-9002-2116,,,4,ADC,,,
21/07/10 0:06,VR2W-104857,A69-9002-2116,,,4,ADC,,,
27/07/10 20:26,VR2W-104857,A69-9002-2116,,,8,ADC,,,
27/07/10 20:27,VR2W-104857,A69-9002-2116,,,8,ADC,,,
27/07/10 20:31,VR2W-104857,A69-9002-2116,,,13,ADC,,,
27/07/10 20:33,VR2W-104857,A69-9002-2116,,,16,ADC,,,
28/07/10 2:21,VR2W-104857,A69-9002-2116,,,6,ADC,,,
28/07/10 8:32,VR2W-109032,A69-9002-2116,,,12,ADC,,,
28/07/10 8:34,VR2W-109032,A69-9002-2116,,,6,ADC,,,
29/07/10 0:00,VR2W-109034,A69-9002-2116,,,4,ADC,,,
29/07/10 0:03,VR2W-109034,A69-9002-2116,,,6,ADC,,,
29/07/10 0:04,VR2W-109034,A69-9002-2116,,,5,ADC,,,
13/08/10 12:57,VR2W-104852,A69-9002-2116,,,9,ADC,,,
13/08/10 13:03,VR2W-104861,A69-9002-2116,,,4,ADC,,,
13/08/10 13:06,VR2W-104852,A69-9002-2116,,,4,ADC,,,
13/08/10 13:08,VR2W-104852,A69-9002-2116,,,6,ADC,,,
13/08/10 13:10,VR2W-104852,A69-9002-2116,,,6,ADC,,,
13/08/10 13:11,VR2W-104860,A69-9002-2116,,,6,ADC,,,
13/08/10 13:12,VR2W-104850,A69-9002-2116,,,6,ADC,,,
13/08/10 13:12,VR2W-104860,A69-9002-2116,,,6,ADC,,,
13/08/10 13:15,VR2W-104850,A69-9002-2116,,,4,ADC,,,
13/08/10 13:15,VR2W-104860,A69-9002-2116,,,4,ADC,,,
13/08/10 13:17,VR2W-104850,A69-9002-2116,,,4,ADC,,,
13/08/10 13:18,VR2W-104860,A69-9002-2116,,,4,ADC,,,
13/08/10 13:19,VR2W-104850,A69-9002-2116,,,4,ADC,,,
13/08/10 13:22,VR2W-104850,A69-9002-2116,,,9,ADC,,,
13/08/10 13:26,VR2W-104860,A69-9002-2116,,,6,ADC,,,
13/08/10 13:27,VR2W-104850,A69-9002-2116,,,7,ADC,,,
13/08/10 13:29,VR2W-109050,A69-9002-2116,,,4,ADC,,,
13/08/10 13:29,VR2W-104845,A69-9002-2116,,,4,ADC,,,
13/08/10 13:32,VR2W-109050,A69-9002-2116,,,4,ADC,,,
13/08/10 13:36,VR2W-109050,A69-9002-2116,,,8,ADC,,,
13/08/10 13:38,VR2W-109050,A69-9002-2116,,,4,ADC,,,
13/08/10 13:49,VR2W-109050,A69-9002-2116,,,6,ADC,,,
13/08/10 13:52,VR2W-109050,A69-9002-2116,,,5,ADC,,,
13/08/10 13:53,VR2W-109050,A69-9002-2116,,,6,ADC,,,
13/08/10 13:55,VR2W-109050,A69-9002-2116,,,5,ADC,,,
13/08/10 14:06,VR2W-104856,A69-9002-2116,,,7,ADC,,,
13/08/10 14:10,VR2W-104856,A69-9002-2116,,,17,ADC,,,
31/08/10 17:35,VR2W-109041,A69-9002-2116,,,6,ADC,,,
31/08/10 17:39,VR2W-109041,A69-9002-2116,,,7,ADC,,,
30/09/10 16:37,VR2W-104856,A69-9002-2116,,,15,ADC,,,
30/09/10 16:39,VR2W-104856,A69-9002-2116,,,16,ADC,,,
30/09/10 16:40,VR2W-104856,A69-9002-2116,,,16,ADC,,,
30/09/10 16:43,VR2W-104856,A69-9002-2116,,,14,ADC,,,
30/09/10 16:45,VR2W-104856,A69-9002-2116,,,14,ADC,,,
30/09/10 17:23,VR2W-104844,A69-9002-2116,,,13,ADC,,,
30/09/10 17:25,VR2W-104844,A69-9002-2116,,,15,ADC,,,
30/09/10 17:27,VR2W-104844,A69-9002-2116,,,17,ADC,,,
30/09/10 17:30,VR2W-104844,A69-9002-2116,,,17,ADC,,,
30/09/10 17:31,VR2W-104844,A69-9002-2116,,,17,ADC,,,
30/09/10 19:42,VR2W-104856,A69-9002-2116,,,13,ADC,,,
30/09/10 19:44,VR2W-104856,A69-9002-2116,,,12,ADC,,,
30/09/10 19:46,VR2W-104856,A69-9002-2116,,,11,ADC,,,
30/09/10 19:49,VR2W-104856,A69-9002-2116,,,13,ADC,,,
10/10/10 23:35,VR2W-104856,A69-9002-2116,,,8,ADC,,,
11/10/10 12:02,VR2W-109032,A69-9002-2116,,,16,ADC,,,
11/10/10 12:04,VR2W-109032,A69-9002-2116,,,16,ADC,,,
11/10/10 12:19,VR2W-109032,A69-9002-2116,,,15,ADC,,,
11/10/10 12:22,VR2W-109032,A69-9002-2116,,,5,ADC,,,
11/10/10 12:25,VR2W-109032,A69-9002-2116,,,4,ADC,,,
11/10/10 12:27,VR2W-109032,A69-9002-2116,,,4,ADC,,,
11/10/10 12:28,VR2W-109032,A69-9002-2116,,,4,ADC,,,
11/10/10 12:30,VR2W-109032,A69-9002-2116,,,9,ADC,,,
11/10/10 12:38,VR2W-109032,A69-9002-2116,,,7,ADC,,,
11/10/10 12:40,VR2W-109032,A69-9002-2116,,,4,ADC,,,
11/10/10 12:51,VR2W-109032,A69-9002-2116,,,4,ADC,,,
11/10/10 12:54,VR2W-109032,A69-9002-2116,,,6,ADC,,,
11/10/10 13:00,VR2W-109032,A69-9002-2116,,,7,ADC,,,
11/10/10 13:03,VR2W-109032,A69-9002-2116,,,7,ADC,,,
11/10/10 13:05,VR2W-109032,A69-9002-2116,,,9,ADC,,,
11/10/10 13:08,VR2W-109032,A69-9002-2116,,,11,ADC,,,
11/10/10 13:11,VR2W-109032,A69-9002-2116,,,10,ADC,,,
11/10/10 13:13,VR2W-109032,A69-9002-2116,,,9,ADC,,,
22/10/10 2:44,VR2W-109040,A69-9002-2116,,,5,ADC,,,
22/10/10 2:46,VR2W-109040,A69-9002-2116,,,7,ADC,,,
22/10/10 2:49,VR2W-109040,A69-9002-2116,,,5,ADC,,,
23/10/10 0:18,VR2W-104857,A69-9002-2116,,,16,ADC,,,
23/10/10 0:21,VR2W-104857,A69-9002-2116,,,15,ADC,,,
26/10/10 11:47,VR2W-104857,A69-9002-2116,,,6,ADC,,,
26/10/10 12:00,VR2W-104857,A69-9002-2116,,,4,ADC,,,
26/10/10 12:02,VR2W-104857,A69-9002-2116,,,4,ADC,,,
26/10/10 12:05,VR2W-104857,A69-9002-2116,,,4,ADC,,,
9/02/11 13:50,VR2W-109032,A69-9002-2116,,,6,ADC,,,
9/02/11 13:52,VR2W-109032,A69-9002-2116,,,5,ADC,,,
9/02/11 13:54,VR2W-109032,A69-9002-2116,,,4,ADC,,,
9/02/11 13:56,VR2W-109032,A69-9002-2116,,,4,ADC,,,
9/02/11 13:59,VR2W-109032,A69-9002-2116,,,7,ADC,,,
9/02/11 14:05,VR2W-109032,A69-9002-2116,,,10,ADC,,,
10/02/11 6:07,VR2W-109032,A69-9002-2116,,,4,ADC,,,
10/02/11 6:09,VR2W-109032,A69-9002-2116,,,4,ADC,,,
10/02/11 6:11,VR2W-109032,A69-9002-2116,,,5,ADC,,,
10/02/11 6:12,VR2W-109032,A69-9002-2116,,,4,ADC,,,
10/02/11 6:13,VR2W-109032,A69-9002-2116,,,4,ADC,,,
10/02/11 6:16,VR2W-109032,A69-9002-2116,,,4,ADC,,,
10/02/11 6:24,VR2W-109032,A69-9002-2116,,,4,ADC,,,
10/02/11 6:29,VR2W-109032,A69-9002-2116,,,4,ADC,,,
10/02/11 6:30,VR2W-109032,A69-9002-2116,,,4,ADC,,,
10/02/11 6:31,VR2W-109032,A69-9002-2116,,,4,ADC,,,
10/02/11 6:38,VR2W-109032,A69-9002-2116,,,4,ADC,,,
10/02/11 6:43,VR2W-109032,A69-9002-2116,,,4,ADC,,,
10/02/11 6:44,VR2W-109032,A69-9002-2116,,,4,ADC,,,
10/02/11 6:46,VR2W-109032,A69-9002-2116,,,4,ADC,,,
10/02/11 6:48,VR2W-109032,A69-9002-2116,,,4,ADC,,,
10/02/11 6:50,VR2W-109032,A69-9002-2116,,,4,ADC,,,
10/02/11 6:53,VR2W-109032,A69-9002-2116,,,4,ADC,,,
10/02/11 6:54,VR2W-109032,A69-9002-2116,,,4,ADC,,,
10/02/11 6:59,VR2W-109032,A69-9002-2116,,,4,ADC,,,
10/02/11 7:04,VR2W-109032,A69-9002-2116,,,4,ADC,,,
10/02/11 7:08,VR2W-109032,A69-9002-2116,,,4,ADC,,,
10/02/11 7:15,VR2W-109032,A69-9002-2116,,,4,ADC,,,
10/02/11 7:17,VR2W-109032,A69-9002-2116,,,4,ADC,,,
10/02/11 7:18,VR2W-109032,A69-9002-2116,,,4,ADC,,,
10/02/11 7:19,VR2W-109032,A69-9002-2116,,,4,ADC,,,
10/02/11 7:22,VR2W-109032,A69-9002-2116,,,4,ADC,,,
10/02/11 7:23,VR2W-109032,A69-9002-2116,,,4,ADC,,,
10/02/11 7:26,VR2W-109032,A69-9002-2116,,,4,ADC,,,
10/02/11 7:28,VR2W-109032,A69-9002-2116,,,5,ADC,,,
10/02/11 7:30,VR2W-109032,A69-9002-2116,,,4,ADC,,,
10/02/11 7:32,VR2W-109032,A69-9002-2116,,,4,ADC,,,
10/02/11 7:34,VR2W-109032,A69-9002-2116,,,4,ADC,,,
10/02/11 7:36,VR2W-109032,A69-9002-2116,,,4,ADC,,,
10/02/11 7:47,VR2W-109032,A69-9002-2116,,,7,ADC,,,
10/02/11 7:49,VR2W-109032,A69-9002-2116,,,5,ADC,,,
10/02/11 7:50,VR2W-109032,A69-9002-2116,,,4,ADC,,,
10/02/11 7:51,VR2W-109032,A69-9002-2116,,,6,ADC,,,
10/02/11 7:58,VR2W-109032,A69-9002-2116,,,4,ADC,,,
10/02/11 8:01,VR2W-109032,A69-9002-2116,,,4,ADC,,,
10/02/11 8:07,VR2W-109032,A69-9002-2116,,,4,ADC,,,
10/02/11 8:09,VR2W-109032,A69-9002-2116,,,4,ADC,,,
10/02/11 8:11,VR2W-109032,A69-9002-2116,,,4,ADC,,,
10/02/11 8:14,VR2W-109032,A69-9002-2116,,,4,ADC,,,
10/02/11 8:16,VR2W-109032,A69-9002-2116,,,4,ADC,,,
10/02/11 8:21,VR2W-109032,A69-9002-2116,,,4,ADC,,,
10/02/11 8:24,VR2W-109032,A69-9002-2116,,,4,ADC,,,
10/02/11 8:26,VR2W-109032,A69-9002-2116,,,4,ADC,,,
10/02/11 8:29,VR2W-109032,A69-9002-2116,,,4,ADC,,,
10/02/11 8:31,VR2W-109032,A69-9002-2116,,,4,ADC,,,
10/02/11 8:34,VR2W-109032,A69-9002-2116,,,4,ADC,,,
10/02/11 8:36,VR2W-109032,A69-9002-2116,,,4,ADC,,,
10/02/11 8:46,VR2W-109032,A69-9002-2116,,,4,ADC,,,
10/02/11 8:49,VR2W-109032,A69-9002-2116,,,4,ADC,,,
10/02/11 8:58,VR2W-109032,A69-9002-2116,,,4,ADC,,,
10/02/11 9:02,VR2W-109032,A69-9002-2116,,,4,ADC,,,
10/02/11 9:04,VR2W-109032,A69-9002-2116,,,4,ADC,,,
10/02/11 9:10,VR2W-109032,A69-9002-2116,,,4,ADC,,,
10/02/11 9:14,VR2W-109032,A69-9002-2116,,,5,ADC,,,
10/02/11 9:18,VR2W-109032,A69-9002-2116,,,6,ADC,,,
10/02/11 9:21,VR2W-109032,A69-9002-2116,,,5,ADC,,,
10/02/11 9:23,VR2W-109032,A69-9002-2116,,,6,ADC,,,
10/02/11 9:25,VR2W-109032,A69-9002-2116,,,5,ADC,,,
10/02/11 9:27,VR2W-109032,A69-9002-2116,,,7,ADC,,,
10/02/11 9:28,VR2W-109032,A69-9002-2116,,,6,ADC,,,
10/02/11 9:30,VR2W-109032,A69-9002-2116,,,6,ADC,,,
10/02/11 9:31,VR2W-109032,A69-9002-2116,,,6,ADC,,,
10/02/11 9:34,VR2W-109032,A69-9002-2116,,,6,ADC,,,
10/02/11 9:35,VR2W-109032,A69-9002-2116,,,4,ADC,,,
10/02/11 9:36,VR2W-109032,A69-9002-2116,,,4,ADC,,,
10/02/11 9:37,VR2W-109032,A69-9002-2116,,,4,ADC,,,
10/02/11 9:39,VR2W-109032,A69-9002-2116,,,7,ADC,,,
10/02/11 10:34,VR2W-109032,A69-9002-2116,,,4,ADC,,,
10/02/11 10:36,VR2W-109032,A69-9002-2116,,,4,ADC,,,
10/02/11 10:38,VR2W-109032,A69-9002-2116,,,4,ADC,,,
10/02/11 10:42,VR2W-109032,A69-9002-2116,,,4,ADC,,,
10/02/11 10:46,VR2W-109032,A69-9002-2116,,,7,ADC,,,
10/02/11 10:48,VR2W-109032,A69-9002-2116,,,4,ADC,,,
10/02/11 11:12,VR2W-109032,A69-9002-2116,,,4,ADC,,,
10/02/11 11:14,VR2W-109032,A69-9002-2116,,,4,ADC,,,
10/02/11 11:17,VR2W-109032,A69-9002-2116,,,6,ADC,,,
10/02/11 11:20,VR2W-109032,A69-9002-2116,,,6,ADC,,,
10/02/11 11:23,VR2W-109032,A69-9002-2116,,,4,ADC,,,
10/02/11 11:26,VR2W-109032,A69-9002-2116,,,4,ADC,,,
10/02/11 11:28,VR2W-109032,A69-9002-2116,,,4,ADC,,,
10/02/11 11:32,VR2W-109032,A69-9002-2116,,,4,ADC,,,
10/02/11 11:33,VR2W-109032,A69-9002-2116,,,6,ADC,,,
10/02/11 11:38,VR2W-109032,A69-9002-2116,,,4,ADC,,,
11/02/11 3:02,VR2W-109032,A69-9002-2116,,,4,ADC,,,
11/02/11 3:05,VR2W-109032,A69-9002-2116,,,4,ADC,,,
11/02/11 3:07,VR2W-109032,A69-9002-2116,,,9,ADC,,,
11/02/11 3:10,VR2W-109032,A69-9002-2116,,,8,ADC,,,
11/02/11 3:12,VR2W-109032,A69-9002-2116,,,8,ADC,,,
11/02/11 4:37,VR2W-109032,A69-9002-2116,,,4,ADC,,,
11/02/11 4:41,VR2W-109032,A69-9002-2116,,,4,ADC,,,
11/02/11 4:43,VR2W-109032,A69-9002-2116,,,4,ADC,,,
11/02/11 4:49,VR2W-109032,A69-9002-2116,,,4,ADC,,,
11/02/11 4:58,VR2W-109032,A69-9002-2116,,,4,ADC,,,
11/02/11 5:12,VR2W-109032,A69-9002-2116,,,4,ADC,,,
11/02/11 5:26,VR2W-109032,A69-9002-2116,,,4,ADC,,,
11/02/11 6:18,VR2W-109032,A69-9002-2116,,,5,ADC,,,
11/02/11 6:20,VR2W-109032,A69-9002-2116,,,8,ADC,,,
11/02/11 6:22,VR2W-109032,A69-9002-2116,,,4,ADC,,,
11/02/11 6:27,VR2W-109032,A69-9002-2116,,,4,ADC,,,
11/02/11 6:29,VR2W-109032,A69-9002-2116,,,4,ADC,,,
11/02/11 6:32,VR2W-109032,A69-9002-2116,,,4,ADC,,,
11/02/11 6:34,VR2W-109032,A69-9002-2116,,,5,ADC,,,
11/02/11 6:37,VR2W-109032,A69-9002-2116,,,4,ADC,,,
11/02/11 6:38,VR2W-109032,A69-9002-2116,,,4,ADC,,,
11/02/11 6:40,VR2W-109032,A69-9002-2116,,,4,ADC,,,
11/02/11 6:45,VR2W-109032,A69-9002-2116,,,8,ADC,,,
11/02/11 6:54,VR2W-109032,A69-9002-2116,,,4,ADC,,,
11/02/11 9:30,VR2W-109032,A69-9002-2116,,,4,ADC,,,
11/02/11 9:34,VR2W-109032,A69-9002-2116,,,4,ADC,,,
11/02/11 9:40,VR2W-109032,A69-9002-2116,,,4,ADC,,,
11/02/11 9:42,VR2W-109032,A69-9002-2116,,,4,ADC,,,
11/02/11 9:43,VR2W-109032,A69-9002-2116,,,4,ADC,,,
11/02/11 9:45,VR2W-109032,A69-9002-2116,,,4,ADC,,,
11/02/11 9:47,VR2W-109032,A69-9002-2116,,,4,ADC,,,
11/02/11 9:49,VR2W-109032,A69-9002-2116,,,4,ADC,,,
11/02/11 9:58,VR2W-109032,A69-9002-2116,,,4,ADC,,,
11/02/11 10:08,VR2W-109032,A69-9002-2116,,,5,ADC,,,
11/02/11 10:11,VR2W-109032,A69-9002-2116,,,4,ADC,,,
11/02/11 10:13,VR2W-109032,A69-9002-2116,,,4,ADC,,,
11/02/11 11:46,VR2W-109032,A69-9002-2116,,,6,ADC,,,
11/02/11 11:48,VR2W-109032,A69-9002-2116,,,4,ADC,,,
11/02/11 11:59,VR2W-109032,A69-9002-2116,,,8,ADC,,,
11/02/11 12:02,VR2W-109032,A69-9002-2116,,,4,ADC,,,
11/02/11 12:04,VR2W-109032,A69-9002-2116,,,4,ADC,,,
11/02/11 12:05,VR2W-109032,A69-9002-2116,,,4,ADC,,,
11/02/11 12:06,VR2W-109032,A69-9002-2116,,,4,ADC,,,
11/02/11 12:08,VR2W-109032,A69-9002-2116,,,4,ADC,,,
11/02/11 12:12,VR2W-109032,A69-9002-2116,,,4,ADC,,,
11/02/11 12:34,VR2W-109032,A69-9002-2116,,,4,ADC,,,
11/02/11 12:36,VR2W-109032,A69-9002-2116,,,4,ADC,,,
11/02/11 12:39,VR2W-109032,A69-9002-2116,,,4,ADC,,,
11/02/11 12:41,VR2W-109032,A69-9002-2116,,,4,ADC,,,
11/02/11 12:45,VR2W-109032,A69-9002-2116,,,4,ADC,,,
11/02/11 12:55,VR2W-109032,A69-9002-2116,,,4,ADC,,,
11/02/11 13:02,VR2W-109032,A69-9002-2116,,,4,ADC,,,
11/02/11 13:06,VR2W-109032,A69-9002-2116,,,4,ADC,,,
11/02/11 13:08,VR2W-109032,A69-9002-2116,,,4,ADC,,,
11/02/11 13:11,VR2W-109032,A69-9002-2116,,,4,ADC,,,
11/02/11 14:05,VR2W-109032,A69-9002-2116,,,4,ADC,,,
11/02/11 14:12,VR2W-109032,A69-9002-2116,,,4,ADC,,,
11/02/11 19:41,VR2W-109032,A69-9002-2116,,,4,ADC,,,
11/02/11 19:43,VR2W-109032,A69-9002-2116,,,4,ADC,,,
11/02/11 19:46,VR2W-109032,A69-9002-2116,,,4,ADC,,,
11/02/11 19:48,VR2W-109032,A69-9002-2116,,,4,ADC,,,
11/02/11 19:50,VR2W-109032,A69-9002-2116,,,4,ADC,,,
11/02/11 19:53,VR2W-109032,A69-9002-2116,,,4,ADC,,,
11/02/11 19:56,VR2W-109032,A69-9002-2116,,,4,ADC,,,
11/02/11 19:58,VR2W-109032,A69-9002-2116,,,4,ADC,,,
11/02/11 20:00,VR2W-109032,A69-9002-2116,,,4,ADC,,,
11/02/11 20:02,VR2W-109032,A69-9002-2116,,,5,ADC,,,
11/02/11 20:03,VR2W-109032,A69-9002-2116,,,6,ADC,,,
11/02/11 20:04,VR2W-109032,A69-9002-2116,,,7,ADC,,,
11/02/11 20:06,VR2W-109032,A69-9002-2116,,,7,ADC,,,
11/02/11 20:08,VR2W-109032,A69-9002-2116,,,4,ADC,,,
11/02/11 20:11,VR2W-109032,A69-9002-2116,,,4,ADC,,,
11/02/11 20:14,VR2W-109032,A69-9002-2116,,,4,ADC,,,
11/02/11 20:18,VR2W-109032,A69-9002-2116,,,4,ADC,,,
11/02/11 20:20,VR2W-109032,A69-9002-2116,,,4,ADC,,,
11/02/11 20:33,VR2W-109032,A69-9002-2116,,,4,ADC,,,
11/02/11 20:36,VR2W-109032,A69-9002-2116,,,4,ADC,,,
11/02/11 20:50,VR2W-109032,A69-9002-2116,,,4,ADC,,,
11/02/11 20:52,VR2W-109032,A69-9002-2116,,,5,ADC,,,
11/02/11 20:54,VR2W-109032,A69-9002-2116,,,6,ADC,,,
11/02/11 20:55,VR2W-109032,A69-9002-2116,,,5,ADC,,,
11/02/11 20:56,VR2W-109032,A69-9002-2116,,,6,ADC,,,
11/02/11 20:58,VR2W-109032,A69-9002-2116,,,6,ADC,,,
11/02/11 22:57,VR2W-109032,A69-9002-2116,,,4,ADC,,,
11/02/11 22:58,VR2W-109032,A69-9002-2116,,,4,ADC,,,
11/02/11 23:02,VR2W-109032,A69-9002-2116,,,4,ADC,,,
11/02/11 23:04,VR2W-109032,A69-9002-2116,,,4,ADC,,,
11/02/11 23:06,VR2W-109032,A69-9002-2116,,,4,ADC,,,
12/02/11 3:35,VR2W-109032,A69-9002-2116,,,4,ADC,,,
12/02/11 3:50,VR2W-109032,A69-9002-2116,,,4,ADC,,,
12/02/11 3:54,VR2W-109032,A69-9002-2116,,,4,ADC,,,
12/02/11 3:56,VR2W-109032,A69-9002-2116,,,4,ADC,,,
12/02/11 4:00,VR2W-109032,A69-9002-2116,,,4,ADC,,,
12/02/11 4:02,VR2W-109032,A69-9002-2116,,,4,ADC,,,
12/02/11 4:03,VR2W-109032,A69-9002-2116,,,4,ADC,,,
12/02/11 4:05,VR2W-109032,A69-9002-2116,,,4,ADC,,,
12/02/11 4:06,VR2W-109032,A69-9002-2116,,,4,ADC,,,
12/02/11 4:07,VR2W-109032,A69-9002-2116,,,4,ADC,,,
12/02/11 4:11,VR2W-109032,A69-9002-2116,,,4,ADC,,,
12/02/11 4:12,VR2W-109032,A69-9002-2116,,,4,ADC,,,
12/02/11 4:13,VR2W-109032,A69-9002-2116,,,4,ADC,,,
12/02/11 4:15,VR2W-109032,A69-9002-2116,,,4,ADC,,,
12/02/11 4:25,VR2W-109032,A69-9002-2116,,,4,ADC,,,
12/02/11 4:39,VR2W-109032,A69-9002-2116,,,4,ADC,,,
12/02/11 4:45,VR2W-109032,A69-9002-2116,,,4,ADC,,,
12/02/11 4:47,VR2W-109032,A69-9002-2116,,,4,ADC,,,
12/02/11 4:50,VR2W-109032,A69-9002-2116,,,4,ADC,,,
12/02/11 4:54,VR2W-109032,A69-9002-2116,,,4,ADC,,,
12/02/11 4:57,VR2W-109032,A69-9002-2116,,,5,ADC,,,
12/02/11 7:38,VR2W-109032,A69-9002-2116,,,4,ADC,,,
12/02/11 7:39,VR2W-109032,A69-9002-2116,,,4,ADC,,,
12/02/11 7:40,VR2W-109032,A69-9002-2116,,,4,ADC,,,
12/02/11 7:42,VR2W-109032,A69-9002-2116,,,4,ADC,,,
12/02/11 7:44,VR2W-109032,A69-9002-2116,,,7,ADC,,,
12/02/11 7:55,VR2W-109032,A69-9002-2116,,,5,ADC,,,
12/02/11 8:18,VR2W-109032,A69-9002-2116,,,5,ADC,,,
12/02/11 8:21,VR2W-109032,A69-9002-2116,,,6,ADC,,,
12/02/11 8:24,VR2W-109032,A69-9002-2116,,,5,ADC,,,
12/02/11 8:27,VR2W-109032,A69-9002-2116,,,6,ADC,,,
12/02/11 8:29,VR2W-109032,A69-9002-2116,,,4,ADC,,,
12/02/11 8:30,VR2W-109032,A69-9002-2116,,,4,ADC,,,
12/02/11 8:32,VR2W-109032,A69-9002-2116,,,4,ADC,,,
12/02/11 8:37,VR2W-109032,A69-9002-2116,,,5,ADC,,,
12/02/11 8:40,VR2W-109032,A69-9002-2116,,,5,ADC,,,
12/02/11 8:44,VR2W-109032,A69-9002-2116,,,4,ADC,,,
12/02/11 11:09,VR2W-109032,A69-9002-2116,,,4,ADC,,,
12/02/11 11:21,VR2W-109032,A69-9002-2116,,,4,ADC,,,
12/02/11 11:48,VR2W-109032,A69-9002-2116,,,4,ADC,,,
12/02/11 11:50,VR2W-109032,A69-9002-2116,,,4,ADC,,,
12/02/11 11:52,VR2W-109032,A69-9002-2116,,,4,ADC,,,
12/02/11 11:54,VR2W-109032,A69-9002-2116,,,4,ADC,,,
12/02/11 12:07,VR2W-109032,A69-9002-2116,,,4,ADC,,,
12/02/11 12:30,VR2W-109032,A69-9002-2116,,,4,ADC,,,
12/02/11 12:33,VR2W-109032,A69-9002-2116,,,4,ADC,,,
12/02/11 12:38,VR2W-109032,A69-9002-2116,,,4,ADC,,,
12/02/11 12:40,VR2W-109032,A69-9002-2116,,,6,ADC,,,
12/02/11 12:41,VR2W-109032,A69-9002-2116,,,5,ADC,,,
12/02/11 12:42,VR2W-109032,A69-9002-2116,,,4,ADC,,,
12/02/11 12:44,VR2W-109032,A69-9002-2116,,,4,ADC,,,
12/02/11 13:58,VR2W-109032,A69-9002-2116,,,4,ADC,,,
12/02/11 14:01,VR2W-109032,A69-9002-2116,,,4,ADC,,,
12/02/11 14:25,VR2W-109032,A69-9002-2116,,,4,ADC,,,
12/02/11 14:32,VR2W-109032,A69-9002-2116,,,4,ADC,,,
12/02/11 14:36,VR2W-109032,A69-9002-2116,,,4,ADC,,,
12/02/11 15:01,VR2W-109032,A69-9002-2116,,,4,ADC,,,
12/02/11 15:40,VR2W-109032,A69-9002-2116,,,5,ADC,,,
12/02/11 15:42,VR2W-109032,A69-9002-2116,,,7,ADC,,,
12/02/11 15:43,VR2W-109032,A69-9002-2116,,,9,ADC,,,
12/02/11 15:45,VR2W-109032,A69-9002-2116,,,12,ADC,,,
12/02/11 23:41,VR2W-109039,A69-9002-2116,,,4,ADC,,,
12/02/11 23:43,VR2W-109039,A69-9002-2116,,,4,ADC,,,
12/02/11 23:44,VR2W-109039,A69-9002-2116,,,4,ADC,,,
12/02/11 23:45,VR2W-109039,A69-9002-2116,,,4,ADC,,,
12/02/11 23:47,VR2W-109039,A69-9002-2116,,,4,ADC,,,
12/02/11 23:49,VR2W-109039,A69-9002-2116,,,4,ADC,,,
13/02/11 0:23,VR2W-104860,A69-9002-2116,,,8,ADC,,,
13/02/11 0:26,VR2W-104850,A69-9002-2116,,,6,ADC,,,
13/02/11 0:27,VR2W-104860,A69-9002-2116,,,6,ADC,,,
13/02/11 0:29,VR2W-104850,A69-9002-2116,,,8,ADC,,,
13/02/11 0:29,VR2W-104860,A69-9002-2116,,,8,ADC,,,
13/02/11 0:30,VR2W-104850,A69-9002-2116,,,7,ADC,,,
13/02/11 0:31,VR2W-104860,A69-9002-2116,,,7,ADC,,,
13/02/11 0:32,VR2W-104850,A69-9002-2116,,,4,ADC,,,
13/02/11 0:33,VR2W-104860,A69-9002-2116,,,4,ADC,,,
13/02/11 0:35,VR2W-104850,A69-9002-2116,,,4,ADC,,,
13/02/11 0:36,VR2W-104860,A69-9002-2116,,,4,ADC,,,
13/02/11 0:37,VR2W-104853,A69-9002-2116,,,6,ADC,,,
13/02/11 0:38,VR2W-104850,A69-9002-2116,,,6,ADC,,,
13/02/11 0:38,VR2W-104860,A69-9002-2116,,,6,ADC,,,
13/02/11 0:39,VR2W-104853,A69-9002-2116,,,8,ADC,,,
13/02/11 0:41,VR2W-104860,A69-9002-2116,,,8,ADC,,,
13/02/11 0:41,VR2W-104853,A69-9002-2116,,,8,ADC,,,
13/02/11 0:42,VR2W-104860,A69-9002-2116,,,8,ADC,,,
13/02/11 0:43,VR2W-104853,A69-9002-2116,,,5,ADC,,,
13/02/11 0:44,VR2W-104850,A69-9002-2116,,,5,ADC,,,
13/02/11 0:44,VR2W-104853,A69-9002-2116,,,4,ADC,,,
13/02/11 0:45,VR2W-109050,A69-9002-2116,,,5,ADC,,,
13/02/11 0:45,VR2W-104853,A69-9002-2116,,,4,ADC,,,
13/02/11 0:46,VR2W-104850,A69-9002-2116,,,4,ADC,,,
13/02/11 0:47,VR2W-109050,A69-9002-2116,,,4,ADC,,,
13/02/11 0:47,VR2W-104853,A69-9002-2116,,,4,ADC,,,
13/02/11 0:48,VR2W-104850,A69-9002-2116,,,4,ADC,,,
13/02/11 0:48,VR2W-104853,A69-9002-2116,,,4,ADC,,,
13/02/11 0:51,VR2W-104850,A69-9002-2116,,,4,ADC,,,
13/02/11 0:52,VR2W-109050,A69-9002-2116,,,5,ADC,,,
13/02/11 0:54,VR2W-104845,A69-9002-2116,,,5,ADC,,,
13/02/11 0:54,VR2W-109050,A69-9002-2116,,,6,ADC,,,
13/02/11 1:05,VR2W-109043,A69-9002-2116,,,4,ADC,,,
13/02/11 4:20,VR2W-104856,A69-9002-2116,,,4,ADC,,,
13/02/11 4:23,VR2W-104856,A69-9002-2116,,,4,ADC,,,
13/02/11 4:25,VR2W-104856,A69-9002-2116,,,4,ADC,,,
13/02/11 4:27,VR2W-104856,A69-9002-2116,,,4,ADC,,,
13/02/11 5:13,VR2W-104854,A69-9002-2116,,,4,ADC,,,
13/02/11 5:21,VR2W-104854,A69-9002-2116,,,4,ADC,,,
13/02/11 5:24,VR2W-104854,A69-9002-2116,,,4,ADC,,,
13/02/11 5:37,VR2W-104854,A69-9002-2116,,,4,ADC,,,
13/02/11 5:50,VR2W-104853,A69-9002-2116,,,4,ADC,,,
13/02/11 5:56,VR2W-104854,A69-9002-2116,,,4,ADC,,,
13/02/11 6:35,VR2W-104853,A69-9002-2116,,,4,ADC,,,
13/02/11 6:50,VR2W-104853,A69-9002-2116,,,4,ADC,,,
13/02/11 6:52,VR2W-104853,A69-9002-2116,,,4,ADC,,,
13/02/11 6:54,VR2W-104853,A69-9002-2116,,,4,ADC,,,
13/02/11 6:57,VR2W-104853,A69-9002-2116,,,4,ADC,,,
13/02/11 6:59,VR2W-104853,A69-9002-2116,,,4,ADC,,,
13/02/11 7:00,VR2W-104856,A69-9002-2116,,,4,ADC,,,
13/02/11 7:01,VR2W-104853,A69-9002-2116,,,4,ADC,,,
13/02/11 7:03,VR2W-104853,A69-9002-2116,,,4,ADC,,,
13/02/11 7:21,VR2W-104853,A69-9002-2116,,,4,ADC,,,
13/02/11 7:24,VR2W-104853,A69-9002-2116,,,6,ADC,,,
13/02/11 7:26,VR2W-104854,A69-9002-2116,,,4,ADC,,,
13/02/11 7:29,VR2W-104854,A69-9002-2116,,,7,ADC,,,
13/02/11 7:30,VR2W-104854,A69-9002-2116,,,4,ADC,,,
13/02/11 7:37,VR2W-104854,A69-9002-2116,,,4,ADC,,,
13/02/11 7:40,VR2W-104854,A69-9002-2116,,,4,ADC,,,
13/02/11 7:44,VR2W-104854,A69-9002-2116,,,4,ADC,,,
13/02/11 7:48,VR2W-104854,A69-9002-2116,,,4,ADC,,,
13/02/11 7:50,VR2W-104854,A69-9002-2116,,,4,ADC,,,
13/02/11 7:55,VR2W-104854,A69-9002-2116,,,4,ADC,,,
13/02/11 7:57,VR2W-104854,A69-9002-2116,,,4,ADC,,,
13/02/11 7:59,VR2W-104854,A69-9002-2116,,,4,ADC,,,
13/02/11 8:01,VR2W-104854,A69-9002-2116,,,4,ADC,,,
13/02/11 8:04,VR2W-104854,A69-9002-2116,,,4,ADC,,,
13/02/11 8:06,VR2W-104854,A69-9002-2116,,,4,ADC,,,
13/02/11 8:09,VR2W-104854,A69-9002-2116,,,4,ADC,,,
13/02/11 8:11,VR2W-104854,A69-9002-2116,,,4,ADC,,,
13/02/11 8:13,VR2W-104854,A69-9002-2116,,,4,ADC,,,
13/02/11 8:15,VR2W-104854,A69-9002-2116,,,4,ADC,,,
13/02/11 8:17,VR2W-104854,A69-9002-2116,,,4,ADC,,,
13/02/11 8:19,VR2W-104854,A69-9002-2116,,,4,ADC,,,
13/02/11 8:22,VR2W-104854,A69-9002-2116,,,4,ADC,,,
13/02/11 8:24,VR2W-104854,A69-9002-2116,,,4,ADC,,,
13/02/11 8:25,VR2W-104854,A69-9002-2116,,,4,ADC,,,
13/02/11 8:27,VR2W-104854,A69-9002-2116,,,4,ADC,,,
13/02/11 8:28,VR2W-104854,A69-9002-2116,,,4,ADC,,,
13/02/11 8:36,VR2W-104854,A69-9002-2116,,,4,ADC,,,
13/02/11 8:42,VR2W-104854,A69-9002-2116,,,4,ADC,,,
13/02/11 8:44,VR2W-104854,A69-9002-2116,,,4,ADC,,,
13/02/11 8:49,VR2W-104854,A69-9002-2116,,,4,ADC,,,
13/02/11 8:52,VR2W-104854,A69-9002-2116,,,4,ADC,,,
13/02/11 8:55,VR2W-104854,A69-9002-2116,,,4,ADC,,,
13/02/11 8:58,VR2W-104854,A69-9002-2116,,,4,ADC,,,
13/02/11 9:00,VR2W-104854,A69-9002-2116,,,4,ADC,,,
13/02/11 9:02,VR2W-104854,A69-9002-2116,,,4,ADC,,,
13/02/11 9:03,VR2W-104854,A69-9002-2116,,,4,ADC,,,
13/02/11 9:07,VR2W-104854,A69-9002-2116,,,4,ADC,,,
13/02/11 9:08,VR2W-104854,A69-9002-2116,,,4,ADC,,,
13/02/11 9:09,VR2W-104854,A69-9002-2116,,,4,ADC,,,
13/02/11 9:11,VR2W-104854,A69-9002-2116,,,4,ADC,,,
13/02/11 9:12,VR2W-104854,A69-9002-2116,,,4,ADC,,,
13/02/11 9:13,VR2W-104854,A69-9002-2116,,,4,ADC,,,
13/02/11 9:15,VR2W-104854,A69-9002-2116,,,6,ADC,,,
13/02/11 9:17,VR2W-104853,A69-9002-2116,,,4,ADC,,,
13/02/11 9:19,VR2W-104853,A69-9002-2116,,,6,ADC,,,
13/02/11 9:23,VR2W-104853,A69-9002-2116,,,4,ADC,,,
13/02/11 9:26,VR2W-104853,A69-9002-2116,,,5,ADC,,,
13/02/11 9:28,VR2W-104853,A69-9002-2116,,,8,ADC,,,
13/02/11 9:38,VR2W-104854,A69-9002-2116,,,9,ADC,,,
13/02/11 9:43,VR2W-104854,A69-9002-2116,,,5,ADC,,,
13/02/11 9:46,VR2W-104854,A69-9002-2116,,,5,ADC,,,
13/02/11 9:57,VR2W-104854,A69-9002-2116,,,4,ADC,,,
13/02/11 10:14,VR2W-109050,A69-9002-2116,,,4,ADC,,,
13/02/11 10:14,VR2W-104853,A69-9002-2116,,,4,ADC,,,
13/02/11 10:16,VR2W-104853,A69-9002-2116,,,4,ADC,,,
13/02/11 10:16,VR2W-109050,A69-9002-2116,,,4,ADC,,,
13/02/11 10:18,VR2W-109050,A69-9002-2116,,,4,ADC,,,
13/02/11 10:18,VR2W-104853,A69-9002-2116,,,5,ADC,,,
13/02/11 10:20,VR2W-109050,A69-9002-2116,,,4,ADC,,,
13/02/11 10:20,VR2W-104853,A69-9002-2116,,,4,ADC,,,
13/02/11 10:21,VR2W-109050,A69-9002-2116,,,4,ADC,,,
13/02/11 10:22,VR2W-109050,A69-9002-2116,,,4,ADC,,,
13/02/11 10:23,VR2W-104853,A69-9002-2116,,,4,ADC,,,
13/02/11 10:25,VR2W-104853,A69-9002-2116,,,4,ADC,,,
13/02/11 10:28,VR2W-104845,A69-9002-2116,,,4,ADC,,,
13/02/11 10:29,VR2W-104845,A69-9002-2116,,,4,ADC,,,
13/02/11 10:31,VR2W-104845,A69-9002-2116,,,4,ADC,,,
13/02/11 10:32,VR2W-104845,A69-9002-2116,,,4,ADC,,,
13/02/11 10:33,VR2W-109043,A69-9002-2116,,,4,ADC,,,
13/02/11 10:34,VR2W-104845,A69-9002-2116,,,4,ADC,,,
13/02/11 10:35,VR2W-109043,A69-9002-2116,,,8,ADC,,,
13/02/11 10:37,VR2W-109043,A69-9002-2116,,,6,ADC,,,
13/02/11 10:37,VR2W-104845,A69-9002-2116,,,4,ADC,,,
13/02/11 10:39,VR2W-109043,A69-9002-2116,,,4,ADC,,,
13/02/11 10:41,VR2W-109043,A69-9002-2116,,,4,ADC,,,
13/02/11 11:28,VR2W-109031,A69-9002-2116,,,4,ADC,,,
13/02/11 11:30,VR2W-109031,A69-9002-2116,,,4,ADC,,,
13/02/11 11:33,VR2W-109031,A69-9002-2116,,,4,ADC,,,
13/02/11 11:45,VR2W-104851,A69-9002-2116,,,4,ADC,,,
13/02/11 11:50,VR2W-104851,A69-9002-2116,,,4,ADC,,,
13/02/11 11:53,VR2W-104851,A69-9002-2116,,,4,ADC,,,
13/02/11 11:53,VR2W-109035,A69-9002-2116,,,4,ADC,,,
13/02/11 11:56,VR2W-109035,A69-9002-2116,,,4,ADC,,,
13/02/11 12:22,VR2W-109043,A69-9002-2116,,,4,ADC,,,
13/02/11 12:45,VR2W-104845,A69-9002-2116,,,4,ADC,,,
13/02/11 12:49,VR2W-104845,A69-9002-2116,,,4,ADC,,,
13/02/11 12:58,VR2W-104853,A69-9002-2116,,,4,ADC,,,
13/02/11 13:00,VR2W-104853,A69-9002-2116,,,4,ADC,,,
13/02/11 13:02,VR2W-104853,A69-9002-2116,,,4,ADC,,,
13/02/11 13:05,VR2W-104853,A69-9002-2116,,,7,ADC,,,
13/02/11 13:07,VR2W-104854,A69-9002-2116,,,11,ADC,,,
13/02/11 13:09,VR2W-104853,A69-9002-2116,,,7,ADC,,,
13/02/11 13:10,VR2W-104854,A69-9002-2116,,,4,ADC,,,
13/02/11 13:11,VR2W-104853,A69-9002-2116,,,11,ADC,,,
13/02/11 13:16,VR2W-104854,A69-9002-2116,,,4,ADC,,,
13/02/11 17:23,VR2W-109039,A69-9002-2116,,,4,ADC,,,
13/02/11 17:26,VR2W-109039,A69-9002-2116,,,4,ADC,,,
13/02/11 17:28,VR2W-109039,A69-9002-2116,,,4,ADC,,,
13/02/11 17:51,VR2W-104850,A69-9002-2116,,,4,ADC,,,
13/02/11 17:53,VR2W-104850,A69-9002-2116,,,4,ADC,,,
13/02/11 17:55,VR2W-104850,A69-9002-2116,,,4,ADC,,,
13/02/11 17:57,VR2W-104850,A69-9002-2116,,,4,ADC,,,
13/02/11 18:00,VR2W-104850,A69-9002-2116,,,4,ADC,,,
13/02/11 18:02,VR2W-104850,A69-9002-2116,,,4,ADC,,,
13/02/11 18:04,VR2W-104850,A69-9002-2116,,,4,ADC,,,
13/02/11 18:31,VR2W-103921,A69-9002-2116,,,4,ADC,,,
13/02/11 18:33,VR2W-103921,A69-9002-2116,,,4,ADC,,,
13/02/11 18:35,VR2W-103921,A69-9002-2116,,,4,ADC,,,
13/02/11 18:37,VR2W-103921,A69-9002-2116,,,4,ADC,,,
13/02/11 18:39,VR2W-103921,A69-9002-2116,,,4,ADC,,,
13/02/11 19:18,VR2W-103918,A69-9002-2116,,,4,ADC,,,
5/04/11 22:12,VR2W-104861,A69-9002-2116,,,9,ADC,,,
6/04/11 6:21,VR2W-104861,A69-9002-2116,,,8,ADC,,,
6/04/11 6:51,VR2W-104861,A69-9002-2116,,,6,ADC,,,
6/04/11 6:54,VR2W-104861,A69-9002-2116,,,6,ADC,,,
6/04/11 7:05,VR2W-104861,A69-9002-2116,,,7,ADC,,,
6/04/11 7:16,VR2W-104861,A69-9002-2116,,,4,ADC,,,
6/04/11 7:22,VR2W-104861,A69-9002-2116,,,4,ADC,,,
6/04/11 7:35,VR2W-104861,A69-9002-2116,,,9,ADC,,,
6/04/11 7:36,VR2W-104861,A69-9002-2116,,,10,ADC,,,
6/04/11 7:37,VR2W-104861,A69-9002-2116,,,7,ADC,,,
6/04/11 7:39,VR2W-104861,A69-9002-2116,,,5,ADC,,,
6/04/11 7:40,VR2W-104861,A69-9002-2116,,,8,ADC,,,
6/04/11 7:47,VR2W-104861,A69-9002-2116,,,11,ADC,,,
6/04/11 7:49,VR2W-104861,A69-9002-2116,,,12,ADC,,,
6/04/11 7:52,VR2W-104861,A69-9002-2116,,,10,ADC,,,
6/04/11 7:55,VR2W-104861,A69-9002-2116,,,9,ADC,,,
6/04/11 7:57,VR2W-104861,A69-9002-2116,,,10,ADC,,,
6/04/11 7:59,VR2W-104861,A69-9002-2116,,,11,ADC,,,
6/04/11 8:01,VR2W-104861,A69-9002-2116,,,7,ADC,,,
6/04/11 8:03,VR2W-104861,A69-9002-2116,,,9,ADC,,,
6/04/11 8:04,VR2W-104861,A69-9002-2116,,,7,ADC,,,
6/04/11 8:09,VR2W-104861,A69-9002-2116,,,8,ADC,,,
6/04/11 8:12,VR2W-104861,A69-9002-2116,,,11,ADC,,,
6/04/11 8:15,VR2W-104861,A69-9002-2116,,,14,ADC,,,
6/04/11 8:18,VR2W-104861,A69-9002-2116,,,13,ADC,,,
6/04/11 8:21,VR2W-104861,A69-9002-2116,,,13,ADC,,,
6/04/11 8:23,VR2W-104861,A69-9002-2116,,,12,ADC,,,
6/04/11 8:26,VR2W-104861,A69-9002-2116,,,12,ADC,,,
6/04/11 8:28,VR2W-104861,A69-9002-2116,,,12,ADC,,,
6/04/11 8:32,VR2W-104861,A69-9002-2116,,,5,ADC,,,
6/04/11 8:55,VR2W-104861,A69-9002-2116,,,14,ADC,,,
6/04/11 9:06,VR2W-104861,A69-9002-2116,,,13,ADC,,,
6/04/11 20:33,VR2W-104861,A69-9002-2116,,,6,ADC,,,
7/04/11 3:45,VR2W-104861,A69-9002-2116,,,4,ADC,,,
7/04/11 3:50,VR2W-104861,A69-9002-2116,,,14,ADC,,,
7/04/11 3:53,VR2W-104861,A69-9002-2116,,,13,ADC,,,
7/04/11 3:56,VR2W-104861,A69-9002-2116,,,7,ADC,,,
7/04/11 7:45,VR2W-104861,A69-9002-2116,,,4,ADC,,,
7/04/11 7:47,VR2W-104861,A69-9002-2116,,,4,ADC,,,
7/04/11 7:57,VR2W-104861,A69-9002-2116,,,6,ADC,,,
7/04/11 8:00,VR2W-104861,A69-9002-2116,,,4,ADC,,,
7/04/11 8:06,VR2W-104861,A69-9002-2116,,,4,ADC,,,
7/04/11 8:18,VR2W-104861,A69-9002-2116,,,6,ADC,,,
7/04/11 8:23,VR2W-104861,A69-9002-2116,,,7,ADC,,,
7/04/11 8:33,VR2W-104861,A69-9002-2116,,,8,ADC,,,
7/04/11 8:35,VR2W-104861,A69-9002-2116,,,9,ADC,,,
7/04/11 8:37,VR2W-104861,A69-9002-2116,,,10,ADC,,,
7/04/11 8:40,VR2W-104861,A69-9002-2116,,,9,ADC,,,
7/04/11 8:43,VR2W-104861,A69-9002-2116,,,10,ADC,,,
7/04/11 8:49,VR2W-104861,A69-9002-2116,,,5,ADC,,,
7/04/11 8:57,VR2W-104861,A69-9002-2116,,,13,ADC,,,
7/04/11 9:03,VR2W-104861,A69-9002-2116,,,14,ADC,,,
7/04/11 9:06,VR2W-104861,A69-9002-2116,,,11,ADC,,,
7/04/11 9:09,VR2W-104861,A69-9002-2116,,,5,ADC,,,
7/04/11 9:11,VR2W-104861,A69-9002-2116,,,7,ADC,,,
7/04/11 9:13,VR2W-104861,A69-9002-2116,,,9,ADC,,,
7/04/11 9:32,VR2W-104861,A69-9002-2116,,,16,ADC,,,
7/04/11 9:35,VR2W-104861,A69-9002-2116,,,11,ADC,,,
7/04/11 9:36,VR2W-104861,A69-9002-2116,,,7,ADC,,,
7/04/11 9:38,VR2W-104861,A69-9002-2116,,,9,ADC,,,
7/04/11 9:39,VR2W-104861,A69-9002-2116,,,9,ADC,,,
7/04/11 9:40,VR2W-104861,A69-9002-2116,,,10,ADC,,,
7/04/11 9:42,VR2W-104861,A69-9002-2116,,,8,ADC,,,
7/04/11 9:43,VR2W-104861,A69-9002-2116,,,4,ADC,,,
7/04/11 9:44,VR2W-104861,A69-9002-2116,,,7,ADC,,,
7/04/11 9:46,VR2W-104861,A69-9002-2116,,,9,ADC,,,
7/04/11 9:52,VR2W-104861,A69-9002-2116,,,10,ADC,,,
7/04/11 9:54,VR2W-104861,A69-9002-2116,,,10,ADC,,,
7/04/11 10:33,VR2W-104861,A69-9002-2116,,,6,ADC,,,
7/04/11 10:45,VR2W-104861,A69-9002-2116,,,5,ADC,,,
20/04/11 19:56,VR2W-104861,A69-9002-2116,,,9,ADC,,,
20/04/11 19:58,VR2W-104861,A69-9002-2116,,,15,ADC,,,
20/04/11 20:01,VR2W-104861,A69-9002-2116,,,13,ADC,,,
20/04/11 20:04,VR2W-104861,A69-9002-2116,,,5,ADC,,,
21/04/11 18:13,VR2W-104861,A69-9002-2116,,,13,ADC,,,
21/04/11 18:20,VR2W-104861,A69-9002-2116,,,11,ADC,,,