REC,EVENT,DATE,STATION,PERSON,COMMENTS
VR2W-104853,Dep,3/30/2010 9:36,1,,WS01
VR2W-104853,Ret,4/8/2010 16:50,1,,WS01
VR2W-104853,Dep,4/8/2010 17:30,1,,WS01
VR2W-104853,Ret,4/15/2010 14:52,1,,WS01
VR2W-104853,Dep,4/15/2010 15:32,1,,WS01
VR2W-104853,Ret,5/7/2010 7:20,1,,WS01
VR2W-104853,Dep,5/7/2010 8:00,1,,WS01
VR2W-104853,Ret,9/1/2010 11:13,1,,WS01
VR2W-104853,Dep,9/1/2010 11:53,1,,WS01
VR2W-104853,Ret,12/9/2010 9:00,1,,WS01
VR2W-104853,Dep,12/9/2010 9:40,1,,WS01
VR2W-104853,Ret,2/10/2011 14:41,1,,WS01
VR2W-104853,Dep,2/10/2011 15:21,1,,WS01
VR2W-104853,Ret,4/4/2011 9:27,1,,WS01
VR2W-104853,Dep,4/4/2011 10:07,1,,WS01
VR2W-104853,Ret,7/22/2011 10:42,1,,WS01
VR2W-113035,Dep,3/18/2012 11:43,1,,WS01
VR2W-113035,Ret,5/30/2012 9:34,1,,WS01
VR2W-113035,Dep,5/30/2012 10:14,1,,WS01
VR2W-113035,Ret,9/25/2012 11:23,1,,WS01
VR2W-113035,Dep,9/25/2012 12:03,1,,WS01
VR2W-113035,Ret,3/9/2013 13:36,1,,WS01
VR2W-113035,Dep,3/9/2013 14:16,1,,WS01
VR2W-113035,Ret,5/12/2013 11:49,1,,WS01
VR2W-113035,Dep,5/12/2013 12:29,1,,WS01
VR2W-113035,Ret,9/15/2013 9:06,1,,WS01
VR2W-113035,Dep,9/15/2013 9:46,1,,WS01
VR2W-113035,Ret,2/28/2014 9:13,1,,WS01
VR2W-113035,Dep,2/28/2014 9:53,1,,WS01
VR2W-113035,Ret,1/31/2015 11:43,1,,WS01
VR2W-113035,Dep,1/31/2015 12:23,1,,WS01
VR2W-104845,Dep,3/30/2010 9:43,2,,WS02
VR2W-104845,Ret,4/3/2010 16:33,2,,WS02
VR2W-104845,Dep,4/3/2010 17:13,2,,WS02
VR2W-104845,Ret,4/8/2010 15:19,2,,WS02
VR2W-104845,Dep,4/8/2010 15:59,2,,WS02
VR2W-104845,Ret,4/16/2010 12:23,2,,WS02
VR2W-104845,Dep,4/16/2010 13:03,2,,WS02
VR2W-104845,Ret,5/6/2010 13:07,2,,WS02
VR2W-104845,Dep,5/6/2010 13:47,2,,WS02
VR2W-104845,Ret,9/2/2010 7:08,2,,WS02
VR2W-104845,Dep,9/2/2010 7:48,2,,WS02
VR2W-104845,Ret,12/9/2010 9:44,2,,WS02
VR2W-104845,Dep,12/9/2010 10:24,2,,WS02
VR2W-104845,Ret,2/10/2011 14:12,2,,WS02
VR2W-104845,Dep,2/10/2011 14:52,2,,WS02
VR2W-104845,Ret,7/21/2011 7:01,2,,WS02
VR2W-104845,Dep,7/21/2011 7:41,2,,WS02
VR2W-104845,Ret,12/20/2011 10:15,2,,WS02
VR2W-114058,Dep,12/20/2011 10:55,2,,WS02
VR2W-114058,Ret,5/30/2012 9:53,2,,WS02
VR2W-114058,Dep,5/30/2012 10:33,2,,WS02
VR2W-114058,Ret,9/25/2012 10:14,2,,WS02
VR2W-114058,Dep,9/25/2012 10:54,2,,WS02
VR2W-114058,Ret,3/9/2013 12:32,2,,WS02
VR2W-114058,Dep,3/9/2013 13:12,2,,WS02
VR2W-114058,Ret,5/12/2013 12:23,2,,WS02
VR2W-114058,Dep,5/12/2013 13:03,2,,WS02
VR2W-114058,Ret,9/13/2013 9:00,2,,WS02
VR2W-114058,Dep,9/13/2013 9:40,2,,WS02
VR2W-114058,Ret,2/28/2014 9:50,2,,WS02
VR2W-114058,Dep,2/28/2014 10:30,2,,WS02
VR2W-114058,Ret,1/31/2015 12:11,2,,WS02
VR2W-114058,Dep,1/31/2015 12:51,2,,WS02
VR2W-114058,Ret,11/20/2015 15:42,2,,WS02
VR2W-114058,Dep,11/20/2015 16:22,2,,WS02
VR2W-114058,Ret,3/15/2016 13:13,2,,WS02
VR2W-114058,Dep,3/15/2016 13:53,2,,WS02
VR2W-114058,Ret,5/23/2016 11:17,2,,WS02
VR2W-114058,Dep,5/23/2016 11:57,2,,WS02
VR2W-104854,Dep,3/30/2010 9:52,3,,WS03
VR2W-104854,Ret,4/3/2010 17:42,3,,WS03
VR2W-104854,Dep,4/3/2010 18:22,3,,WS03
VR2W-104854,Ret,4/8/2010 14:34,3,,WS03
VR2W-104854,Dep,4/8/2010 15:14,3,,WS03
VR2W-104854,Ret,4/15/2010 16:20,3,,WS03
VR2W-104854,Dep,4/15/2010 17:00,3,,WS03
VR2W-104854,Ret,5/6/2010 13:50,3,,WS03
VR2W-104854,Dep,5/6/2010 14:30,3,,WS03
VR2W-104854,Ret,5/11/2010 8:24,3,,WS03
VR2W-104854,Dep,5/11/2010 9:04,3,,WS03
VR2W-104854,Ret,6/4/2010 13:46,3,,WS03
VR2W-104854,Dep,6/4/2010 14:26,3,,WS03
VR2W-104854,Ret,10/14/2010 10:59,3,,WS03
VR2W-104854,Dep,10/14/2010 11:39,3,,WS03
VR2W-104854,Ret,12/9/2010 8:13,3,,WS03
VR2W-104854,Dep,12/9/2010 8:53,3,,WS03
VR2W-104854,Ret,2/10/2011 10:01,3,,WS03
VR2W-104854,Dep,2/10/2011 10:41,3,,WS03
VR2W-109045,Dep,4/17/2011 8:28,3,,WS03
VR2W-109045,Ret,7/21/2011 11:41,3,,WS03
VR2W-109045,Dep,7/21/2011 12:21,3,,WS03
VR2W-109045,Ret,3/15/2012 6:49,3,,WS03
VR2W-109045,Dep,3/15/2012 7:29,3,,WS03
VR2W-109045,Ret,5/30/2012 9:06,3,,WS03
VR2W-109045,Dep,5/30/2012 9:46,3,,WS03
VR2W-113041,Dep,4/12/2013 11:50,3,,WS03
VR2W-113041,Ret,5/12/2013 11:19,3,,WS03
VR2W-113041,Dep,5/12/2013 11:59,3,,WS03
VR2W-113041,Ret,9/13/2013 10:12,3,,WS03
VR2W-113041,Dep,9/13/2013 10:52,3,,WS03
VR2W-113041,Ret,2/28/2014 8:21,3,,WS03
VR2W-113041,Dep,2/28/2014 9:01,3,,WS03
VR2W-113041,Ret,5/18/2014 11:25,3,,WS03
VR2W-113041,Dep,5/18/2014 12:05,3,,WS03
VR2W-113041,Ret,1/30/2015 9:27,3,,WS03
VR2W-113041,Ret,1/30/2015 9:40,3,,WS03
VR2W-113041,Dep,1/30/2015 10:07,3,,WS03
VR2W-113041,Dep,1/30/2015 10:20,3,,WS03
VR2W-113041,Ret,4/25/2015 11:41,3,,WS03
VR2W-113041,Dep,4/25/2015 12:21,3,,WS03
VR2W-113041,Ret,11/20/2015 11:28,3,,WS03
VR2W-113041,Dep,11/20/2015 12:08,3,,WS03
VR2W-113041,Ret,3/15/2016 8:03,3,,WS03
VR2W-113041,Dep,3/15/2016 8:43,3,,WS03
VR2W-113041,Ret,5/8/2016 12:20,3,,WS03
VR2W-113041,Dep,5/8/2016 13:00,3,,WS03
VR2W-104859,Dep,4/4/2010 13:14,4,,WS04
VR2W-104859,Ret,4/8/2010 15:53,4,,WS04
VR2W-104859,Dep,4/8/2010 16:33,4,,WS04
VR2W-104859,Ret,4/15/2010 10:54,4,,WS04
VR2W-104859,Dep,4/15/2010 11:34,4,,WS04
VR2W-104859,Ret,5/6/2010 9:00,4,,WS04
VR2W-104859,Dep,5/6/2010 9:40,4,,WS04
VR2W-104859,Ret,6/4/2010 14:37,4,,WS04
VR2W-104859,Dep,6/4/2010 15:17,4,,WS04
VR2W-104859,Ret,9/1/2010 13:20,4,,WS04
VR2W-104859,Dep,9/1/2010 14:00,4,,WS04
VR2W-104859,Ret,12/9/2010 11:30,4,,WS04
VR2W-104859,Dep,12/9/2010 12:10,4,,WS04
VR2W-104859,Ret,2/11/2011 11:47,4,,WS04
VR2W-103921,Dep,2/11/2011 12:34,4,,WS04
VR2W-103921,Ret,7/21/2011 7:45,4,,WS04
VR2W-113039,Dep,12/20/2011 12:20,4,,WS04
VR2W-113039,Ret,3/18/2012 12:00,4,,WS04
VR2W-113039,Dep,3/18/2012 12:40,4,,WS04
VR2W-113039,Ret,5/30/2012 10:14,4,,WS04
VR2W-113039,Dep,5/30/2012 10:54,4,,WS04
VR2W-113039,Ret,9/25/2012 9:48,4,,WS04
VR2W-113039,Dep,9/25/2012 10:28,4,,WS04
VR2W-113039,Ret,3/9/2013 11:58,4,,WS04
VR2W-113039,Dep,3/9/2013 12:38,4,,WS04
VR2W-113039,Ret,5/12/2013 13:06,4,,WS04
VR2W-113039,Dep,5/12/2013 13:46,4,,WS04
VR2W-113039,Ret,9/15/2013 9:06,4,,WS04
VR2W-113039,Ret,9/15/2013 9:07,4,,WS04
VR2W-113039,Dep,9/15/2013 9:46,4,,WS04
VR2W-113039,Dep,9/15/2013 9:47,4,,WS04
VR2W-113039,Ret,10/10/2014 19:04,4,,WS04
VR2W-113039,Dep,10/10/2014 19:44,4,,WS04
VR2W-128755,Dep,1/25/2016 16:15,4,,WS04
VR2W-128755,Ret,5/23/2016 12:25,4,,WS04
VR2W-128755,Dep,5/23/2016 13:05,4,,WS04
VR2W-104858,Dep,4/4/2010 11:51,5,,WS05
VR2W-104858,Ret,4/23/2010 9:48,5,,WS05
VR2W-104858,Dep,4/23/2010 10:28,5,,WS05
VR2W-104858,Ret,5/3/2010 9:03,5,,WS05
VR2W-104858,Dep,5/3/2010 9:43,5,,WS05
VR2W-104858,Ret,6/4/2010 11:38,5,,WS05
VR2W-104858,Dep,6/4/2010 12:18,5,,WS05
VR2W-104858,Ret,7/25/2010 9:47,5,,WS05
VR2W-104858,Dep,7/25/2010 10:27,5,,WS05
VR2W-104858,Ret,9/2/2010 9:30,5,,WS05
VR2W-104858,Dep,9/2/2010 10:10,5,,WS05
VR2W-103920,Dep,2/11/2011 12:20,5,,WS05
VR2W-103920,Ret,3/30/2011 10:13,5,,WS05
VR2W-103920,Dep,3/30/2011 10:53,5,,WS05
VR2W-103920,Ret,7/21/2011 9:44,5,,WS05
VR2W-103920,Dep,7/21/2011 10:24,5,,WS05
VR2W-114054,Dep,3/20/2012 11:07,5,,WS05
VR2W-114054,Ret,5/30/2012 12:53,5,,WS05
VR2W-114054,Dep,5/30/2012 13:33,5,,WS05
VR2W-114054,Ret,9/25/2012 12:32,5,,WS05
VR2W-114054,Dep,9/25/2012 13:12,5,,WS05
VR2W-104862,Dep,4/12/2013 9:47,5,,WS05
VR2W-104862,Ret,5/12/2013 7:16,5,,WS05
VR2W-104862,Dep,5/12/2013 7:56,5,,WS05
VR2W-104862,Ret,9/28/2013 13:40,5,,WS05
VR2W-104862,Dep,9/28/2013 14:20,5,,WS05
VR2W-104862,Ret,2/27/2014 10:16,5,,WS05
VR2W-104862,Dep,2/27/2014 10:56,5,,WS05
VR2W-104862,Ret,5/18/2014 7:58,5,,WS05
VR2W-104862,Dep,5/18/2014 8:38,5,,WS05
VR2W-104862,Ret,1/30/2015 13:34,5,,WS05
VR2W-104862,Dep,1/30/2015 14:14,5,,WS05
VR2W-128761,Dep,3/15/2016 13:37,5,,WS05
VR2W-128761,Ret,5/23/2016 10:19,5,,WS05
VR2W-128761,Dep,5/23/2016 11:00,5,,WS05
VR2W-104851,Dep,4/23/2010 12:07,6,,WS06
VR2W-104851,Ret,5/3/2010 8:36,6,,WS06
VR2W-104851,Dep,5/3/2010 9:16,6,,WS06
VR2W-104851,Ret,6/5/2010 9:51,6,,WS06
VR2W-104851,Dep,6/5/2010 10:31,6,,WS06
VR2W-104851,Ret,9/2/2010 9:02,6,,WS06
VR2W-104851,Dep,9/2/2010 9:42,6,,WS06
VR2W-104851,Ret,12/9/2010 13:43,6,,WS06
VR2W-104851,Dep,12/9/2010 14:23,6,,WS06
VR2W-104851,Ret,2/10/2011 11:19,6,,WS06
VR2W-104851,Dep,2/10/2011 11:59,6,,WS06
VR2W-104851,Ret,7/21/2011 10:13,6,,WS06
VR2W-104851,Dep,7/21/2011 10:53,6,,WS06
VR2W-104851,Ret,12/20/2011 14:22,6,,WS06
VR2W-104851,Dep,12/20/2011 15:02,6,,WS06
VR2W-104851,Ret,3/18/2012 13:52,6,,WS06
VR2W-104851,Dep,3/18/2012 14:32,6,,WS06
VR2W-104851,Ret,5/30/2012 12:12,6,,WS06
VR2W-104851,Dep,5/30/2012 12:52,6,,WS06
VR2W-113475,Dep,9/25/2012 13:50,6,,WS06
VR2W-113475,Ret,3/9/2013 8:02,6,,WS06
VR2W-113475,Dep,3/9/2013 8:42,6,,WS06
VR2W-113475,Ret,5/12/2013 7:47,6,,WS06
VR2W-113475,Dep,5/12/2013 8:27,6,,WS06
VR2W-113475,Ret,9/15/2013 9:04,6,,WS06
VR2W-113475,Dep,9/15/2013 9:44,6,,WS06
VR2W-113475,Ret,2/27/2014 10:57,6,,WS06
VR2W-113475,Dep,2/27/2014 11:37,6,,WS06
VR2W-113475,Ret,5/18/2014 8:36,6,,WS06
VR2W-113475,Dep,5/18/2014 9:16,6,,WS06
VR2W-113475,Ret,7/20/2014 4:59,6,,WS06
VR2W-113036,Dep,1/30/2015 14:21,6,,WS06
VR2W-113036,Ret,11/20/2015 14:18,6,,WS06
VR2W-113036,Dep,11/20/2015 14:58,6,,WS06
VR2W-113036,Ret,3/15/2016 9:15,6,,WS06
VR2W-113036,Dep,3/15/2016 9:55,6,,WS06
VR2W-113036,Ret,5/23/2016 9:08,6,,WS06
VR2W-113036,Dep,5/23/2016 9:48,6,,WS06
VR2W-104844,Dep,4/23/2010 13:04,7,,WS07
VR2W-104844,Ret,5/6/2010 12:21,7,,WS07
VR2W-104844,Dep,5/6/2010 13:01,7,,WS07
VR2W-104844,Ret,6/5/2010 10:19,7,,WS07
VR2W-104844,Dep,6/5/2010 10:59,7,,WS07
VR2W-104844,Ret,9/2/2010 8:41,7,,WS07
VR2W-104844,Dep,9/2/2010 9:21,7,,WS07
VR2W-104844,Ret,12/8/2010 16:13,7,,WS07
VR2W-104844,Dep,12/8/2010 16:53,7,,WS07
VR2W-104844,Ret,2/10/2011 10:57,7,,WS07
VR2W-104844,Dep,2/10/2011 11:37,7,,WS07
VR2W-113036,Dep,5/30/2012 12:23,7,,WS07
VR2W-113036,Ret,9/26/2012 8:02,7,,WS07
VR2W-113036,Dep,9/26/2012 8:42,7,,WS07
VR2W-113036,Ret,3/9/2013 8:24,7,,WS07
VR2W-113036,Dep,3/9/2013 9:04,7,,WS07
VR2W-113036,Ret,5/11/2013 9:40,7,,WS07
VR2W-113036,Dep,5/11/2013 10:20,7,,WS07
VR2W-113036,Ret,9/15/2013 9:02,7,,WS07
VR2W-113036,Dep,9/15/2013 9:42,7,,WS07
VR2W-113036,Ret,2/27/2014 11:36,7,,WS07
VR2W-113036,Dep,2/27/2014 12:16,7,,WS07
VR2W-113036,Ret,5/18/2014 8:57,7,,WS07
VR2W-113036,Dep,5/18/2014 9:37,7,,WS07
VR2W-113036,Ret,1/30/2015 13:41,7,,WS07
VR2W-104856,Dep,4/23/2010 13:49,8,,WS08
VR2W-104856,Ret,5/6/2010 12:40,8,,WS08
VR2W-104856,Dep,5/6/2010 13:20,8,,WS08
VR2W-104856,Ret,5/11/2010 9:33,8,,WS08
VR2W-104856,Dep,5/11/2010 10:13,8,,WS08
VR2W-104856,Ret,6/5/2010 10:36,8,,WS08
VR2W-104856,Dep,6/5/2010 11:16,8,,WS08
VR2W-104856,Ret,7/25/2010 9:26,8,,WS08
VR2W-104856,Dep,7/25/2010 10:06,8,,WS08
VR2W-104856,Ret,9/2/2010 8:25,8,,WS08
VR2W-104856,Dep,9/2/2010 9:05,8,,WS08
VR2W-104856,Ret,12/8/2010 15:43,8,,WS08
VR2W-104856,Dep,12/8/2010 16:23,8,,WS08
VR2W-104856,Ret,2/10/2011 10:34,8,,WS08
VR2W-104856,Dep,2/10/2011 11:14,8,,WS08
VR2W-104856,Ret,7/21/2011 5:57,8,,WS08
VR2W-104856,Dep,7/21/2011 6:37,8,,WS08
VR2W-104856,Ret,12/20/2011 15:07,8,,WS08
VR2W-114060,Dep,12/20/2011 15:47,8,,WS08
VR2W-114060,Ret,3/18/2012 10:56,8,,WS08
VR2W-114060,Dep,3/18/2012 11:36,8,,WS08
VR2W-114060,Ret,5/30/2012 11:00,8,,WS08
VR2W-114060,Dep,5/30/2012 11:40,8,,WS08
VR2W-114060,Ret,9/26/2012 8:21,8,,WS08
VR2W-114060,Dep,9/26/2012 9:01,8,,WS08
VR2W-114060,Ret,3/9/2013 9:16,8,,WS08
VR2W-114060,Dep,3/9/2013 9:56,8,,WS08
VR2W-114060,Ret,5/11/2013 9:13,8,,WS08
VR2W-114060,Dep,5/11/2013 9:53,8,,WS08
VR2W-114060,Ret,9/13/2013 10:50,8,,WS08
VR2W-114060,Dep,9/13/2013 11:30,8,,WS08
VR2W-114060,Ret,2/27/2014 12:06,8,,WS08
VR2W-114060,Dep,2/27/2014 12:46,8,,WS08
VR2W-114060,Ret,5/18/2014 9:18,8,,WS08
VR2W-114060,Dep,5/18/2014 9:58,8,,WS08
VR2W-114060,Ret,1/30/2015 13:27,8,,WS08
VR2W-114060,Dep,1/30/2015 14:07,8,,WS08
VR2W-104861,Dep,4/23/2010 14:31,9,,WS09
VR2W-104861,Ret,5/6/2010 8:00,9,,WS09
VR2W-104861,Dep,5/6/2010 8:40,9,,WS09
VR2W-104861,Ret,6/4/2010 12:43,9,,WS09
VR2W-104861,Dep,6/4/2010 13:23,9,,WS09
VR2W-104861,Ret,9/1/2010 11:54,9,,WS09
VR2W-104861,Dep,9/1/2010 12:34,9,,WS09
VR2W-104861,Ret,12/9/2010 7:32,9,,WS09
VR2W-104861,Dep,12/9/2010 8:12,9,,WS09
VR2W-104861,Ret,2/12/2011 10:50,9,,WS09
VR2W-109039,Dep,2/12/2011 11:30,9,,WS09
VR2W-109039,Ret,7/22/2011 6:57,9,,WS09
VR2W-109039,Dep,7/22/2011 7:37,9,,WS09
VR2W-109039,Ret,6/20/2012 11:38,9,,WS09
VR2W-113030,Dep,9/25/2012 13:55,9,,WS09
VR2W-113030,Ret,3/10/2013 9:56,9,,WS09
VR2W-113030,Dep,3/10/2013 10:36,9,,WS09
VR2W-113030,Ret,5/7/2013 10:52,9,,WS09
VR2W-113030,Dep,5/7/2013 14:28,9,,WS09
VR2W-113030,Ret,1/30/2015 13:17,9,,WS09
VR2W-104855,Dep,4/24/2010 12:20,10,,WS10
VR2W-104855,Ret,5/6/2010 9:33,10,,WS10
VR2W-104855,Dep,5/6/2010 10:13,10,,WS10
VR2W-104855,Ret,6/4/2010 15:24,10,,WS10
VR2W-104855,Dep,6/4/2010 16:04,10,,WS10
VR2W-104855,Ret,9/2/2010 11:10,10,,WS10
VR2W-104855,Dep,9/2/2010 11:50,10,,WS10
VR2W-104855,Ret,12/9/2010 14:11,10,,WS10
VR2W-104855,Dep,12/9/2010 14:51,10,,WS10
VR2W-104855,Ret,2/12/2011 15:13,10,,WS10
VR2W-103918,Dep,2/12/2011 15:53,10,,WS10
VR2W-103918,Ret,7/21/2011 8:22,10,,WS10
VR2W-113043,Dep,12/20/2011 12:36,10,,WS10
VR2W-113043,Ret,3/18/2012 12:31,10,,WS10
VR2W-113043,Dep,3/18/2012 13:11,10,,WS10
VR2W-113043,Ret,6/20/2012 11:52,10,,WS10
VR2W-113491,Dep,9/25/2012 9:59,10,,WS10
VR2W-113491,Ret,3/9/2013 11:29,10,,WS10
VR2W-113491,Dep,3/9/2013 12:09,10,,WS10
VR2W-113491,Ret,5/12/2013 9:15,10,,WS10
VR2W-113491,Dep,5/12/2013 9:55,10,,WS10
VR2W-113491,Ret,9/29/2013 13:43,10,,WS10
VR2W-104848,Dep,4/24/2010 13:42,11,,WS11
VR2W-104848,Ret,5/6/2010 10:04,11,,WS11
VR2W-104848,Dep,5/6/2010 10:44,11,,WS11
VR2W-104848,Ret,6/4/2010 15:59,11,,WS11
VR2W-104848,Dep,6/4/2010 16:39,11,,WS11
VR2W-104848,Ret,9/2/2010 11:56,11,,WS11
VR2W-104848,Dep,9/2/2010 12:36,11,,WS11
VR2W-104848,Ret,12/9/2010 14:30,11,,WS11
VR2W-103917,Dep,12/9/2010 15:10,11,,WS11
VR2W-103917,Ret,2/17/2011 14:30,11,,WS11
VR2W-103917,Dep,2/17/2011 15:10,11,,WS11
VR2W-103917,Ret,7/21/2011 9:02,11,,WS11
VR2W-103917,Dep,7/21/2011 9:42,11,,WS11
VR2W-103917,Ret,12/20/2011 10:04,11,,WS11
VR2W-103917,Dep,12/20/2011 10:44,11,,WS11
VR2W-103917,Ret,3/20/2012 9:21,11,,WS11
VR2W-103917,Dep,3/20/2012 10:01,11,,WS11
VR2W-103917,Ret,9/25/2012 8:54,11,,WS11
VR2W-103917,Dep,9/25/2012 9:34,11,,WS11
VR2W-103917,Ret,3/9/2013 11:40,11,,WS11
VR2W-104847,Dep,4/24/2010 13:51,12,,WS12
VR2W-104847,Ret,5/6/2010 10:35,12,,WS12
VR2W-104847,Dep,5/6/2010 11:15,12,,WS12
VR2W-104847,Ret,6/5/2010 8:53,12,,WS12
VR2W-104847,Dep,6/5/2010 9:33,12,,WS12
VR2W-104847,Ret,9/2/2010 13:14,12,,WS12
VR2W-104847,Dep,9/2/2010 13:54,12,,WS12
VR2W-104847,Ret,12/10/2010 11:40,12,,WS12
VR2W-104849,Dep,12/10/2010 12:20,12,,WS12
VR2W-104849,Ret,2/17/2011 13:36,12,,WS12
VR2W-104849,Dep,2/17/2011 14:16,12,,WS12
VR2W-104849,Ret,3/20/2012 10:23,12,,WS12
VR2W-113037,Dep,3/20/2012 11:03,12,,WS12
VR2W-113037,Ret,6/20/2012 7:59,12,,WS12
VR2W-113037,Dep,6/20/2012 8:39,12,,WS12
VR2W-113037,Ret,9/25/2012 8:06,12,,WS12
VR2W-113037,Dep,9/25/2012 8:46,12,,WS12
VR2W-113037,Ret,5/7/2013 11:03,12,,WS12
VR2W-113037,Dep,5/7/2013 11:43,12,,WS12
VR2W-113037,Ret,9/28/2013 13:06,12,,WS12
VR2W-113037,Dep,9/28/2013 13:46,12,,WS12
VR2W-113037,Ret,1/31/2015 9:47,12,,WS12
VR2W-113037,Dep,1/31/2015 10:27,12,,WS12
VR2W-113037,Ret,3/15/2016 10:57,12,,WS12
VR2W-113037,Dep,3/15/2016 11:37,12,,WS12
VR2W-104863,Dep,4/25/2010 12:14,13,,WS15
VR2W-104863,Ret,5/7/2010 14:37,13,,WS15
VR2W-104863,Dep,5/7/2010 15:17,13,,WS15
VR2W-104863,Ret,6/5/2010 8:21,13,,WS15
VR2W-104863,Dep,6/5/2010 9:01,13,,WS15
VR2W-104863,Ret,12/10/2010 11:50,13,,WS15
VR2W-104863,Dep,12/10/2010 12:30,13,,WS15
VR2W-104863,Ret,2/17/2011 11:42,13,,WS15
VR2W-104863,Dep,2/17/2011 12:22,13,,WS15
VR2W-104863,Ret,3/29/2011 9:50,13,,WS15
VR2W-104863,Dep,3/29/2011 10:30,13,,WS15
VR2W-104863,Ret,3/19/2012 11:50,13,,WS15
VR2W-104863,Dep,3/19/2012 12:30,13,,WS15
VR2W-104863,Ret,6/20/2012 7:25,13,,WS15
VR2W-104863,Dep,6/20/2012 8:05,13,,WS15
VR2W-104863,Ret,9/24/2012 14:54,13,,WS15
VR2W-104863,Dep,9/24/2012 15:34,13,,WS15
VR2W-109047,Dep,4/25/2010 11:52,14,,WS16
VR2W-109047,Ret,5/7/2010 14:05,14,,WS16
VR2W-109047,Dep,5/7/2010 14:45,14,,WS16
VR2W-109047,Ret,9/2/2010 14:33,14,,WS16
VR2W-109047,Dep,9/2/2010 15:13,14,,WS16
VR2W-109047,Ret,12/10/2010 11:05,14,,WS16
VR2W-109047,Dep,12/10/2010 11:45,14,,WS16
VR2W-109047,Ret,2/17/2011 10:53,14,,WS16
VR2W-109047,Dep,2/17/2011 11:33,14,,WS16
VR2W-109047,Ret,3/19/2012 11:12,14,,WS16
VR2W-109047,Dep,3/19/2012 11:52,14,,WS16
VR2W-109047,Ret,6/20/2012 6:59,14,,WS16
VR2W-109047,Dep,6/20/2012 7:39,14,,WS16
VR2W-109047,Ret,9/24/2012 14:22,14,,WS16
VR2W-109047,Dep,9/24/2012 15:02,14,,WS16
VR2W-109047,Ret,5/7/2013 9:30,14,,WS16
VR2W-109047,Dep,5/7/2013 10:10,14,,WS16
VR2W-109050,Dep,4/25/2010 11:58,15,,WS17
VR2W-109050,Ret,5/3/2010 10:07,15,,WS17
VR2W-109050,Dep,5/3/2010 10:47,15,,WS17
VR2W-109050,Ret,9/1/2010 12:36,15,,WS17
VR2W-109050,Dep,9/1/2010 13:16,15,,WS17
VR2W-109050,Ret,12/9/2010 10:17,15,,WS17
VR2W-109050,Dep,12/9/2010 10:57,15,,WS17
VR2W-109050,Ret,2/10/2011 13:41,15,,WS17
VR2W-109050,Dep,2/10/2011 14:21,15,,WS17
VR2W-109050,Ret,7/22/2011 10:06,15,,WS17
VR2W-109050,Dep,7/22/2011 10:46,15,,WS17
VR2W-109050,Ret,3/20/2012 8:42,15,,WS17
VR2W-109050,Dep,3/20/2012 9:22,15,,WS17
VR2W-109050,Ret,5/30/2012 10:45,15,,WS17
VR2W-109050,Dep,5/30/2012 11:25,15,,WS17
VR2W-109050,Ret,9/25/2012 11:04,15,,WS17
VR2W-109050,Dep,9/25/2012 11:44,15,,WS17
VR2W-109050,Ret,3/9/2013 13:05,15,,WS17
VR2W-109050,Dep,3/9/2013 13:45,15,,WS17
VR2W-109050,Ret,5/12/2013 10:28,15,,WS17
VR2W-109050,Dep,5/12/2013 11:08,15,,WS17
VR2W-109050,Ret,9/15/2013 9:09,15,,WS17
VR2W-109050,Dep,9/15/2013 9:49,15,,WS17
VR2W-109050,Ret,10/10/2014 23:10,15,,WS17
VR2W-109050,Dep,10/10/2014 23:50,15,,WS17
VR2W-109043,Dep,4/25/2010 12:02,16,,WS18
VR2W-109043,Ret,5/6/2010 8:34,16,,WS18
VR2W-109043,Dep,5/6/2010 9:14,16,,WS18
VR2W-109043,Ret,6/5/2010 12:13,16,,WS18
VR2W-109043,Dep,6/5/2010 12:53,16,,WS18
VR2W-109043,Ret,9/2/2010 7:50,16,,WS18
VR2W-109043,Dep,9/2/2010 8:30,16,,WS18
VR2W-109043,Ret,12/9/2010 10:56,16,,WS18
VR2W-109043,Dep,12/9/2010 11:36,16,,WS18
VR2W-109043,Ret,2/10/2011 13:05,16,,WS18
VR2W-109043,Dep,2/10/2011 13:45,16,,WS18
VR2W-109043,Ret,7/22/2011 7:41,16,,WS18
VR2W-109043,Dep,7/22/2011 8:21,16,,WS18
VR2W-109043,Ret,3/20/2012 7:52,16,,WS18
VR2W-109043,Dep,3/20/2012 8:32,16,,WS18
VR2W-109043,Ret,5/30/2012 11:28,16,,WS18
VR2W-109043,Dep,5/30/2012 12:08,16,,WS18
VR2W-109043,Ret,9/25/2012 10:40,16,,WS18
VR2W-109043,Dep,9/25/2012 11:20,16,,WS18
VR2W-109048,Dep,4/26/2010 13:40,18,,WS20
VR2W-109048,Ret,5/3/2010 15:29,18,,WS20
VR2W-109048,Dep,5/3/2010 16:09,18,,WS20
VR2W-109048,Ret,6/5/2010 7:58,18,,WS20
VR2W-109048,Dep,6/5/2010 8:38,18,,WS20
VR2W-109048,Ret,12/10/2010 9:42,18,,WS20
VR2W-109048,Dep,12/10/2010 10:22,18,,WS20
VR2W-109048,Ret,2/17/2011 9:38,18,,WS20
VR2W-109048,Dep,2/17/2011 10:18,18,,WS20
VR2W-109048,Ret,4/1/2011 11:03,18,,WS20
VR2W-109048,Dep,4/1/2011 11:43,18,,WS20
VR2W-109048,Ret,12/19/2011 12:42,18,,WS20
VR2W-109048,Dep,12/19/2011 13:22,18,,WS20
VR2W-109049,Dep,4/26/2010 15:33,19,,WS21
VR2W-109049,Ret,5/3/2010 13:25,19,,WS21
VR2W-109049,Dep,5/3/2010 14:05,19,,WS21
VR2W-109049,Ret,12/10/2010 10:26,19,,WS21
VR2W-109049,Dep,12/10/2010 11:06,19,,WS21
VR2W-109049,Ret,2/17/2011 10:13,19,,WS21
VR2W-109049,Dep,2/17/2011 10:53,19,,WS21
VR2W-109049,Ret,12/19/2011 13:43,19,,WS21
VR2W-109049,Dep,12/19/2011 14:23,19,,WS21
VR2W-109049,Ret,3/19/2012 10:25,19,,WS21
VR2W-109049,Dep,3/19/2012 11:05,19,,WS21
VR2W-109049,Ret,6/20/2012 6:22,19,,WS21
VR2W-109049,Dep,6/20/2012 7:02,19,,WS21
VR2W-109049,Ret,9/24/2012 13:43,19,,WS21
VR2W-109049,Dep,9/24/2012 14:23,19,,WS21
VR2W-109049,Ret,5/6/2013 8:59,19,,WS21
VR2W-109049,Dep,5/6/2013 9:39,19,,WS21
VR2W-109041,Dep,4/27/2010 13:21,20,,WS22
VR2W-109041,Ret,5/8/2010 10:44,20,,WS22
VR2W-109041,Dep,5/8/2010 11:24,20,,WS22
VR2W-109041,Ret,6/4/2010 8:19,20,,WS22
VR2W-109041,Dep,6/4/2010 8:59,20,,WS22
VR2W-109041,Ret,9/1/2010 9:25,20,,WS22
VR2W-109041,Dep,9/1/2010 10:05,20,,WS22
VR2W-109041,Ret,12/8/2010 12:19,20,,WS22
VR2W-109041,Dep,12/8/2010 12:59,20,,WS22
VR2W-109041,Ret,2/10/2011 7:36,20,,WS22
VR2W-109041,Dep,2/10/2011 8:16,20,,WS22
VR2W-109041,Ret,12/21/2011 11:42,20,,WS22
VR2W-113040,Dep,3/18/2012 10:03,20,,WS22
VR2W-113040,Ret,5/29/2012 12:13,20,,WS22
VR2W-113040,Dep,5/29/2012 12:53,20,,WS22
VR2W-113040,Ret,9/23/2012 14:21,20,,WS22
VR2W-109046,Dep,4/27/2010 16:21,21,,WS23
VR2W-109046,Ret,5/5/2010 10:50,21,,WS23
VR2W-109046,Dep,5/5/2010 11:30,21,,WS23
VR2W-109046,Ret,9/1/2010 7:21,21,,WS23
VR2W-109046,Dep,9/1/2010 8:01,21,,WS23
VR2W-109046,Ret,12/8/2010 11:19,21,,WS23
VR2W-109046,Dep,12/8/2010 11:59,21,,WS23
VR2W-109046,Ret,2/10/2011 8:30,21,,WS23
VR2W-109046,Dep,2/10/2011 9:10,21,,WS23
VR2W-109046,Ret,12/21/2011 10:51,21,,WS23
VR2W-109046,Dep,12/21/2011 11:31,21,,WS23
VR2W-109046,Ret,3/18/2012 10:06,21,,WS23
VR2W-109046,Dep,3/18/2012 10:46,21,,WS23
VR2W-109046,Ret,5/29/2012 10:21,21,,WS23
VR2W-109046,Dep,5/29/2012 11:01,21,,WS23
VR2W-109046,Ret,9/23/2012 13:21,21,,WS23
VR2W-109046,Dep,9/23/2012 14:01,21,,WS23
VR2W-109046,Ret,5/7/2013 11:56,21,,WS23
VR2W-109046,Dep,5/7/2013 12:36,21,,WS23
VR2W-109031,Dep,4/28/2010 12:46,22,,WS24
VR2W-109031,Ret,5/3/2010 9:28,22,,WS24
VR2W-109031,Dep,5/3/2010 10:08,22,,WS24
VR2W-109031,Ret,9/2/2010 10:06,22,,WS24
VR2W-109031,Dep,9/2/2010 10:46,22,,WS24
VR2W-109031,Ret,12/9/2010 12:52,22,,WS24
VR2W-109031,Dep,12/9/2010 13:32,22,,WS24
VR2W-109031,Ret,2/10/2011 15:55,22,,WS24
VR2W-109031,Dep,2/10/2011 16:35,22,,WS24
VR2W-109031,Ret,7/22/2011 8:58,22,,WS24
VR2W-109031,Dep,7/22/2011 9:38,22,,WS24
VR2W-113032,Dep,3/20/2012 12:07,22,,WS24
VR2W-113032,Ret,5/30/2012 12:25,22,,WS24
VR2W-113032,Dep,5/30/2012 13:05,22,,WS24
VR2W-113032,Ret,9/26/2012 7:26,22,,WS24
VR2W-113032,Dep,9/26/2012 8:06,22,,WS24
VR2W-113032,Ret,3/10/2013 12:11,22,,WS24
VR2W-113032,Dep,3/10/2013 12:51,22,,WS24
VR2W-113032,Ret,5/11/2013 11:36,22,,WS24
VR2W-113032,Dep,5/11/2013 12:16,22,,WS24
VR2W-113032,Ret,9/15/2013 10:35,22,,WS24
VR2W-113032,Dep,9/15/2013 11:15,22,,WS24
VR2W-113032,Ret,2/27/2014 9:39,22,,WS24
VR2W-113032,Dep,2/27/2014 10:19,22,,WS24
VR2W-109035,Dep,4/28/2010 14:39,23,,WS25
VR2W-109035,Ret,5/6/2010 11:54,23,,WS25
VR2W-109035,Dep,5/6/2010 12:34,23,,WS25
VR2W-109035,Ret,6/5/2010 12:43,23,,WS25
VR2W-109035,Dep,6/5/2010 13:23,23,,WS25
VR2W-109035,Ret,9/2/2010 10:46,23,,WS25
VR2W-109035,Dep,9/2/2010 11:26,23,,WS25
VR2W-109035,Ret,12/9/2010 12:00,23,,WS25
VR2W-109035,Dep,12/9/2010 12:40,23,,WS25
VR2W-109035,Ret,2/10/2011 15:28,23,,WS25
VR2W-109035,Dep,2/10/2011 16:08,23,,WS25
VR2W-109035,Ret,7/22/2011 9:37,23,,WS25
VR2W-109035,Dep,7/22/2011 10:17,23,,WS25
VR2W-113033,Dep,3/20/2012 12:28,23,,WS25
VR2W-113033,Ret,5/30/2012 11:59,23,,WS25
VR2W-113033,Dep,5/30/2012 12:39,23,,WS25
VR2W-113033,Dep,9/26/2012 8:25,23,,WS25
VR2W-104854,Dep,4/12/2013 15:52,23,,WS25
VR2W-104854,Ret,5/11/2013 11:04,23,,WS25
VR2W-104854,Dep,5/11/2013 11:44,23,,WS25
VR2W-104854,Ret,9/13/2013 14:21,23,,WS25
VR2W-104854,Dep,9/13/2013 15:01,23,,WS25
VR2W-104854,Ret,9/15/2013 9:05,23,,WS25
VR2W-104854,Dep,9/15/2013 9:45,23,,WS25
VR2W-104854,Ret,2/27/2014 8:58,23,,WS25
VR2W-104854,Dep,2/27/2014 9:38,23,,WS25
VR2W-104854,Ret,1/31/2015 11:13,23,,WS25
VR2W-104854,Dep,1/31/2015 11:53,23,,WS25
VR2W-104854,Ret,11/21/2015 12:27,23,,WS25
VR2W-104854,Dep,11/21/2015 13:07,23,,WS25
VR2W-104854,Ret,3/15/2016 12:29,23,,WS25
VR2W-104854,Dep,3/15/2016 13:09,23,,WS25
VR2W-104854,Ret,5/8/2016 13:31,23,,WS25
VR2W-104854,Dep,5/8/2016 14:11,23,,WS25
VR2W-109040,Dep,4/29/2010 13:00,24,,WS26
VR2W-109040,Ret,5/7/2010 10:36,24,,WS26
VR2W-109040,Dep,5/7/2010 11:16,24,,WS26
VR2W-109040,Ret,6/4/2010 10:35,24,,WS26
VR2W-109040,Dep,6/4/2010 11:15,24,,WS26
VR2W-109040,Ret,12/8/2010 8:15,24,,WS26
VR2W-109040,Dep,12/8/2010 8:55,24,,WS26
VR2W-109040,Ret,2/11/2011 7:33,24,,WS26
VR2W-114055,Dep,12/19/2011 8:50,24,,WS26
VR2W-114055,Ret,3/19/2012 9:12,24,,WS26
VR2W-114055,Dep,3/19/2012 9:52,24,,WS26
VR2W-114055,Ret,6/18/2012 12:35,24,,WS26
VR2W-114055,Dep,6/18/2012 13:15,24,,WS26
VR2W-114055,Ret,9/22/2012 12:50,24,,WS26
VR2W-114055,Dep,9/22/2012 13:30,24,,WS26
VR2W-114055,Ret,5/6/2013 14:12,24,,WS26
VR2W-109034,Dep,4/29/2010 15:12,25,,WS27
VR2W-109034,Ret,5/7/2010 10:28,25,,WS27
VR2W-109034,Dep,5/7/2010 11:08,25,,WS27
VR2W-109034,Ret,6/4/2010 10:16,25,,WS27
VR2W-109034,Dep,6/4/2010 10:56,25,,WS27
VR2W-109034,Ret,12/8/2010 8:44,25,,WS27
VR2W-109034,Dep,12/8/2010 9:24,25,,WS27
VR2W-109034,Ret,2/12/2011 7:16,25,,WS27
VR2W-109034,Dep,2/12/2011 7:56,25,,WS27
VR2W-109034,Ret,3/29/2011 11:23,25,,WS27
VR2W-109034,Dep,3/29/2011 12:03,25,,WS27
VR2W-109034,Ret,12/19/2011 9:52,25,,WS27
VR2W-109034,Dep,12/19/2011 10:32,25,,WS27
VR2W-109034,Ret,3/19/2012 8:47,25,,WS27
VR2W-109034,Dep,3/19/2012 9:27,25,,WS27
VR2W-109033,Dep,4/29/2010 16:26,26,,WS28
VR2W-109033,Ret,5/7/2010 10:16,26,,WS28
VR2W-109033,Dep,5/7/2010 10:56,26,,WS28
VR2W-109033,Ret,6/4/2010 9:52,26,,WS28
VR2W-109033,Dep,6/4/2010 10:32,26,,WS28
VR2W-109033,Ret,12/8/2010 9:11,26,,WS28
VR2W-109033,Dep,12/8/2010 9:51,26,,WS28
VR2W-109033,Ret,2/12/2011 7:44,26,,WS28
VR2W-109033,Dep,2/12/2011 8:24,26,,WS28
VR2W-109033,Ret,12/19/2011 10:17,26,,WS28
VR2W-109033,Dep,12/19/2011 10:57,26,,WS28
VR2W-109033,Ret,3/19/2012 8:22,26,,WS28
VR2W-109033,Dep,3/19/2012 9:02,26,,WS28
VR2W-109033,Ret,6/19/2012 13:01,26,,WS28
VR2W-109033,Dep,6/19/2012 13:41,26,,WS28
VR2W-109033,Ret,9/22/2012 13:55,26,,WS28
VR2W-109032,Dep,5/5/2010 14:04,29,,WS31
VR2W-109032,Ret,9/1/2010 9:59,29,,WS31
VR2W-109032,Dep,9/1/2010 10:39,29,,WS31
VR2W-109032,Ret,12/8/2010 13:38,29,,WS31
VR2W-109032,Dep,12/8/2010 14:18,29,,WS31
VR2W-109032,Ret,2/10/2011 6:52,29,,WS31
VR2W-109032,Dep,2/10/2011 7:32,29,,WS31
VR2W-109032,Ret,12/21/2011 10:21,29,,WS31
VR2W-109032,Dep,12/21/2011 11:01,29,,WS31
VR2W-109032,Ret,3/18/2012 7:52,29,,WS31
VR2W-109032,Dep,3/18/2012 8:32,29,,WS31
VR2W-109032,Ret,5/29/2012 11:43,29,,WS31
VR2W-109032,Dep,5/29/2012 12:23,29,,WS31
VR2W-109032,Ret,9/23/2012 14:47,29,,WS31
VR2W-109032,Dep,9/23/2012 15:27,29,,WS31
VR2W-109032,Ret,3/10/2013 9:19,29,,WS31
VR2W-113472,Dep,9/13/2013 12:15,29,,WS31
VR2W-113472,Ret,3/1/2014 9:10,29,,WS31
VR2W-113472,Dep,3/1/2014 9:50,29,,WS31
VR2W-113472,Ret,1/30/2015 13:24,29,,WS31
VR2W-128754,Dep,1/25/2016 4:12,29,,WS31
VR2W-128754,Ret,5/8/2016 10:41,29,,WS31
VR2W-128754,Dep,5/8/2016 11:21,29,,WS31
VR2W-109039,Dep,5/6/2010 22:57,30,,WS32
VR2W-109039,Ret,6/5/2010 7:32,30,,WS32
VR2W-109039,Dep,6/5/2010 8:12,30,,WS32
VR2W-109039,Ret,12/10/2010 9:06,30,,WS32
VR2W-109039,Dep,12/10/2010 9:46,30,,WS32
VR2W-109039,Ret,2/9/2011 23:01,30,,WS32
VR2W-104861,Dep,2/17/2011 9:50,30,,WS32
VR2W-104861,Ret,2/9/2012 10:45,30,,WS32
VR2W-109038,Dep,5/7/2010 15:35,31,,WS33
VR2W-109038,Ret,12/10/2010 9:04,31,,WS33
VR2W-109038,Dep,12/10/2010 9:44,31,,WS33
VR2W-109038,Ret,2/17/2011 8:17,31,,WS33
VR2W-109038,Dep,2/17/2011 8:57,31,,WS33
VR2W-109038,Ret,2/9/2012 10:26,31,,WS33
VR2W-109038,Dep,2/9/2012 11:06,31,,WS33
VR2W-104857,Dep,5/9/2010 15:35,32,,WS34
VR2W-104857,Ret,6/4/2010 8:48,32,,WS34
VR2W-104857,Dep,6/4/2010 9:28,32,,WS34
VR2W-104857,Ret,9/1/2010 8:59,32,,WS34
VR2W-104857,Dep,9/1/2010 9:39,32,,WS34
VR2W-104857,Ret,12/8/2010 11:48,32,,WS34
VR2W-104857,Dep,12/8/2010 12:28,32,,WS34
VR2W-104857,Ret,2/10/2011 8:01,32,,WS34
VR2W-104857,Dep,2/10/2011 8:41,32,,WS34
VR2W-104857,Ret,12/21/2011 13:10,32,,WS34
VR2W-114059,Dep,12/21/2011 13:50,32,,WS34
VR2W-114059,Ret,3/18/2012 8:45,32,,WS34
VR2W-114059,Dep,3/18/2012 9:25,32,,WS34
VR2W-114059,Ret,5/29/2012 13:01,32,,WS34
VR2W-114059,Dep,5/29/2012 13:41,32,,WS34
VR2W-114059,Ret,9/23/2012 13:45,32,,WS34
VR2W-114059,Dep,9/23/2012 14:25,32,,WS34
VR2W-114059,Ret,3/10/2013 7:58,32,,WS34
VR2W-114059,Dep,3/10/2013 8:38,32,,WS34
VR2W-114059,Ret,5/7/2013 12:32,32,,WS34
VR2W-114059,Dep,5/7/2013 13:12,32,,WS34
VR2W-114059,Ret,9/28/2013 8:26,32,,WS34
VR2W-113494,Dep,10/3/2011 8:29,33,,A00
VR2W-113494,RET,12/13/2011 9:50,33,,A00
VR2W-113494,DEP,12/13/2011 10:10,33,,A00
VR2W-113494,RET,3/25/2012 9:15,33,,A00
VR2W-113494,DEP,3/25/2012 9:44,33,,A00
VR2W-113494,RET,6/17/2012 7:34,33,,A00
VR2W-113494,DEP,6/17/2012 7:54,33,,A00
VR2W-113494,RET,9/22/2012 8:01,33,,A00
VR2W-113494,DEP,9/22/2012 8:21,33,,A00
VR2W-113494,Ret,5/6/2013 9:17,33,,A00
VR2W-113488,Dep,10/3/2011 8:46,34,,A01
VR2W-113488,RET,12/13/2011 10:04,34,,A01
VR2W-113488,DEP,12/13/2011 10:24,34,,A01
VR2W-113488,RET,3/25/2012 9:13,34,,A01
VR2W-113488,DEP,3/25/2012 9:33,34,,A01
VR2W-113488,RET,6/17/2012 8:47,34,,A01
VR2W-113488,DEP,6/17/2012 9:07,34,,A01
VR2W-113488,RET,9/22/2012 8:01,34,,A01
VR2W-113488,DEP,9/22/2012 8:21,34,,A01
VR2W-113488,Ret,5/6/2013 9:04,34,,A01
VR2W-113484,Dep,8/27/2011 8:05,35,,A02
VR2W-113484,RET,10/2/2011 12:25,35,,A02
VR2W-113484,DEP,10/2/2011 12:45,35,,A02
VR2W-113484,RET,12/13/2011 10:14,35,,A02
VR2W-113484,DEP,12/13/2011 10:34,35,,A02
VR2W-113484,RET,3/25/2012 9:22,35,,A02
VR2W-113484,DEP,3/25/2012 9:42,35,,A02
VR2W-113484,RET,6/17/2012 9:24,35,,A02
VR2W-113484,DEP,6/17/2012 9:44,35,,A02
VR2W-113484,Ret,9/22/2012 8:20,35,,A02
VR2W-113475,Dep,8/27/2011 8:26,36,,A03
VR2W-113475,RET,10/2/2011 12:27,36,,A03
VR2W-113475,DEP,10/2/2011 12:47,36,,A03
VR2W-113475,RET,12/13/2011 10:26,36,,A03
VR2W-113475,DEP,12/13/2011 10:46,36,,A03
VR2W-113475,RET,3/25/2012 9:22,36,,A03
VR2W-113475,DEP,3/25/2012 9:42,36,,A03
VR2W-113475,RET,6/17/2012 7:43,36,,A03
VR2W-113475,DEP,6/17/2012 8:03,36,,A03
VR2W-113475,Ret,9/22/2012 8:30,36,,A03
VR2W-113485,Dep,8/27/2011 9:38,37,,A04
VR2W-113485,RET,10/2/2011 12:18,37,,A04
VR2W-113485,DEP,10/2/2011 12:38,37,,A04
VR2W-113485,RET,12/13/2011 10:32,37,,A04
VR2W-113485,DEP,12/13/2011 10:52,37,,A04
VR2W-113485,RET,3/25/2012 9:46,37,,A04
VR2W-113485,DEP,3/25/2012 10:06,37,,A04
VR2W-113485,RET,6/17/2012 8:22,37,,A04
VR2W-113485,RET,6/17/2012 8:35,37,,A04
VR2W-113485,DEP,6/17/2012 8:42,37,,A04
VR2W-113485,DEP,6/17/2012 8:55,37,,A04
VR2W-113485,RET,9/22/2012 8:28,37,,A04
VR2W-113485,DEP,9/22/2012 8:48,37,,A04
VR2W-113485,Ret,5/6/2013 10:07,37,,A04
VR2W-113487,Dep,8/27/2011 9:44,38,,A05
VR2W-113487,Ret,10/2/2011 11:53,38,,A05
VR2W-113478,Dep,10/2/2011 14:45,38,,A05
VR2W-113478,Ret,5/6/2013 10:19,38,,A05
VR2W-113478,Dep,8/27/2011 10:04,39,,A06
VR2W-113478,Ret,10/2/2011 11:57,39,,A06
VR2W-113487,Dep,10/2/2011 14:55,39,,A06
VR2W-113487,Ret,6/17/2012 7:45,39,,A06
VR2W-113482,Dep,9/22/2012 10:10,39,,A06
VR2W-113482,Ret,5/6/2013 10:16,39,,A06
VR2W-113474,Dep,8/27/2011 10:18,40,,A08
VR2W-113474,Ret,5/6/2013 8:32,40,,A08
VR2W-113482,Dep,8/27/2011 12:26,41,,A09
VR2W-113482,Ret,9/22/2012 9:00,41,,A09
VR2W-113025,Dep,10/3/2011 14:09,42,,A10
VR2W-113025,RET,12/13/2011 9:55,42,,A10
VR2W-113025,DEP,12/13/2011 10:15,42,,A10
VR2W-113025,RET,3/25/2012 10:21,42,,A10
VR2W-113025,DEP,3/25/2012 10:58,42,,A10
VR2W-113025,RET,6/17/2012 8:40,42,,A10
VR2W-113025,DEP,6/17/2012 9:00,42,,A10
VR2W-113025,RET,9/22/2012 9:08,42,,A10
VR2W-113025,DEP,9/22/2012 9:28,42,,A10
VR2W-113025,Ret,5/6/2013 9:12,42,,A10
VR2W-113483,Dep,8/24/2011 18:05,43,,M00
VR2W-113483,RET,9/30/2011 13:50,43,,M00
VR2W-113483,DEP,9/30/2011 14:10,43,,M00
VR2W-113483,RET,12/12/2011 12:41,43,,M00
VR2W-113483,DEP,12/12/2011 13:28,43,,M00
VR2W-113483,RET,3/26/2012 9:11,43,,M00
VR2W-113483,DEP,3/26/2012 9:31,43,,M00
VR2W-113483,RET,6/18/2012 8:13,43,,M00
VR2W-113483,DEP,6/18/2012 8:33,43,,M00
VR2W-113483,RET,9/23/2012 8:22,43,,M00
VR2W-113483,DEP,9/23/2012 8:42,43,,M00
VR2W-113483,Ret,5/5/2013 10:50,43,,M00
VR2W-113486,Dep,9/3/2011 8:40,44,,M01
VR2W-113486,RET,12/12/2011 12:00,44,,M01
VR2W-113486,DEP,12/12/2011 12:20,44,,M01
VR2W-113486,RET,3/26/2012 9:25,44,,M01
VR2W-113486,DEP,3/26/2012 9:57,44,,M01
VR2W-113486,RET,6/18/2012 8:10,44,,M01
VR2W-113486,DEP,6/18/2012 8:30,44,,M01
VR2W-113486,Ret,9/23/2012 8:42,44,,M01
VR2W-113490,Dep,9/4/2011 8:25,45,,M02
VR2W-113490,RET,9/30/2011 13:35,45,,M02
VR2W-113490,DEP,9/30/2011 13:55,45,,M02
VR2W-113490,RET,12/12/2011 12:32,45,,M02
VR2W-113490,DEP,12/12/2011 12:52,45,,M02
VR2W-113490,RET,3/26/2012 9:36,45,,M02
VR2W-113490,DEP,3/26/2012 10:17,45,,M02
VR2W-113490,RET,6/18/2012 8:16,45,,M02
VR2W-113490,DEP,6/18/2012 8:36,45,,M02
VR2W-113490,RET,9/23/2012 8:41,45,,M02
VR2W-113490,DEP,9/23/2012 9:01,45,,M02
VR2W-113490,Ret,5/5/2013 10:55,45,,M02
VR2W-113493,Dep,9/4/2011 8:15,46,,M03
VR2W-113493,DEP,9/30/2011 13:48,46,,M03
VR2W-113493,RET,12/12/2011 12:15,46,,M03
VR2W-113493,DEP,12/12/2011 13:11,46,,M03
VR2W-113493,RET,3/26/2012 9:47,46,,M03
VR2W-113493,DEP,3/26/2012 10:07,46,,M03
VR2W-113493,RET,6/18/2012 8:24,46,,M03
VR2W-113493,DEP,6/18/2012 8:44,46,,M03
VR2W-113493,RET,9/23/2012 8:51,46,,M03
VR2W-113493,DEP,9/23/2012 9:11,46,,M03
VR2W-113493,Ret,5/5/2013 10:57,46,,M03
VR2W-113029,Dep,4/29/2012 9:50,47,,M04
VR2W-113029,RET,6/18/2012 8:28,47,,M04
VR2W-113029,DEP,6/18/2012 8:48,47,,M04
VR2W-113029,RET,9/23/2012 8:56,47,,M04
VR2W-113029,DEP,9/23/2012 9:16,47,,M04
VR2W-113029,Ret,5/5/2013 11:26,47,,M04
VR2W-113479,Dep,9/3/2011 14:31,48,,M05
VR2W-113479,RET,9/30/2011 13:19,48,,M05
VR2W-113479,DEP,9/30/2011 13:39,48,,M05
VR2W-113479,RET,12/12/2011 13:54,48,,M05
VR2W-113479,DEP,12/12/2011 14:29,48,,M05
VR2W-113479,RET,3/26/2012 10:03,48,,M05
VR2W-113479,DEP,3/26/2012 10:32,48,,M05
VR2W-113479,RET,6/18/2012 8:32,48,,M05
VR2W-113479,DEP,6/18/2012 8:52,48,,M05
VR2W-113479,RET,9/23/2012 9:10,48,,M05
VR2W-113479,DEP,9/23/2012 9:30,48,,M05
VR2W-113479,Ret,5/5/2013 12:00,48,,M05
VR2W-113477,Dep,9/3/2011 14:35,49,,M06
VR2W-113477,RET,9/30/2011 13:46,49,,M06
VR2W-113477,DEP,9/30/2011 14:06,49,,M06
VR2W-113477,RET,12/12/2011 13:25,49,,M06
VR2W-113477,DEP,12/17/2011 17:05,49,,M06
VR2W-113477,RET,3/26/2012 10:01,49,,M06
VR2W-113477,DEP,3/26/2012 10:21,49,,M06
VR2W-113477,RET,6/18/2012 8:45,49,,M06
VR2W-113477,DEP,6/18/2012 9:05,49,,M06
VR2W-113477,Ret,9/23/2012 9:20,49,,M06
VR2W-113476,Dep,8/24/2011 17:15,50,,M07
VR2W-113476,RET,9/30/2011 13:15,50,,M07
VR2W-113476,DEP,9/30/2011 13:35,50,,M07
VR2W-113476,RET,12/12/2011 13:09,50,,M07
VR2W-113476,DEP,12/12/2011 14:05,50,,M07
VR2W-113476,RET,3/26/2012 10:11,50,,M07
VR2W-113476,DEP,3/26/2012 10:45,50,,M07
VR2W-113476,RET,4/23/2012 12:07,50,,M07
VR2W-113476,DEP,4/23/2012 12:27,50,,M07
VR2W-113476,RET,6/18/2012 8:45,50,,M07
VR2W-113476,DEP,6/18/2012 9:05,50,,M07
VR2W-113476,RET,9/23/2012 9:25,50,,M07
VR2W-113476,DEP,9/23/2012 9:45,50,,M07
VR2W-113476,Ret,5/5/2013 12:32,50,,M07
VR2W-113472,Dep,8/24/2011 17:30,51,,M08
VR2W-113472,RET,9/30/2011 13:56,51,,M08
VR2W-113472,DEP,9/30/2011 14:16,51,,M08
VR2W-113472,RET,12/12/2011 12:54,51,,M08
VR2W-113472,DEP,12/12/2011 13:41,51,,M08
VR2W-113472,RET,3/26/2012 10:43,51,,M08
VR2W-113472,DEP,3/26/2012 11:03,51,,M08
VR2W-113472,RET,6/18/2012 8:43,51,,M08
VR2W-113472,DEP,6/18/2012 9:03,51,,M08
VR2W-113472,RET,9/23/2012 9:26,51,,M08
VR2W-113472,DEP,9/23/2012 9:46,51,,M08
VR2W-113472,Ret,5/5/2013 12:40,51,,M08
VR2W-113480,Dep,8/24/2011 17:40,52,,M09
VR2W-113480,RET,9/30/2011 13:40,52,,M09
VR2W-113480,DEP,9/30/2011 14:00,52,,M09
VR2W-113480,RET,12/12/2011 11:57,52,,M09
VR2W-113480,DEP,12/12/2011 12:17,52,,M09
VR2W-113480,RET,3/26/2012 10:49,52,,M09
VR2W-113480,DEP,3/26/2012 11:09,52,,M09
VR2W-113480,RET,6/18/2012 9:14,52,,M09
VR2W-113480,DEP,6/18/2012 9:34,52,,M09
VR2W-113480,RET,9/23/2012 9:42,52,,M09
VR2W-113480,DEP,9/23/2012 10:02,52,,M09
VR2W-113480,Ret,5/5/2013 13:09,52,,M09
VR2W-113481,Dep,8/24/2011 17:50,53,,M10
VR2W-113481,Ret,9/30/2011 12:12,53,,M10
VR2W-114057,Dep,10/3/2011 10:37,53,,M10
VR2W-114057,RET,12/12/2011 12:29,53,,M10
VR2W-114057,DEP,12/12/2011 12:49,53,,M10
VR2W-114057,RET,3/26/2012 10:44,53,,M10
VR2W-114057,DEP,3/26/2012 11:04,53,,M10
VR2W-114057,RET,6/18/2012 8:55,53,,M10
VR2W-114057,DEP,6/18/2012 9:15,53,,M10
VR2W-114057,RET,9/23/2012 9:38,53,,M10
VR2W-114057,DEP,9/23/2012 9:58,53,,M10
VR2W-114057,Ret,5/5/2013 13:15,53,,M10
VR2W-113481,Dep,9/30/2011 15:49,54,,M11
VR2W-113481,RET,12/12/2011 12:11,54,,M11
VR2W-113481,DEP,12/12/2011 12:31,54,,M11
VR2W-113481,RET,3/26/2012 10:20,54,,M11
VR2W-113481,DEP,3/26/2012 10:49,54,,M11
VR2W-113481,RET,6/18/2012 9:00,54,,M11
VR2W-113481,DEP,6/18/2012 9:20,54,,M11
VR2W-113481,RET,9/23/2012 9:51,54,,M11
VR2W-113481,DEP,9/23/2012 10:11,54,,M11
VR2W-113481,Ret,5/5/2013 10:24,54,,M11
VR2W-113026,Dep,4/23/2012 10:30,55,,L00
VR2W-113026,RET,6/19/2012 9:55,55,,L00
VR2W-113026,DEP,6/19/2012 10:15,55,,L00
VR2W-113026,RET,9/24/2012 9:17,55,,L00
VR2W-113026,DEP,9/24/2012 9:37,55,,L00
VR2W-113026,Ret,5/5/2013 13:39,55,,L00
VR2W-113034,Dep,10/4/2011 7:00,56,,L01
VR2W-113034,RET,12/14/2011 12:33,56,,L01
VR2W-113034,DEP,12/14/2011 12:53,56,,L01
VR2W-113034,RET,3/27/2012 15:53,56,,L01
VR2W-113034,DEP,3/27/2012 16:13,56,,L01
VR2W-113034,RET,6/19/2012 9:22,56,,L01
VR2W-113034,DEP,6/19/2012 9:42,56,,L01
VR2W-113034,RET,9/24/2012 8:52,56,,L01
VR2W-113034,DEP,9/24/2012 9:12,56,,L01
VR2W-113034,Ret,5/5/2013 14:02,56,,L01
VR2W-113492,Dep,10/4/2011 7:00,57,,L03
VR2W-113492,RET,12/14/2011 12:22,57,,L03
VR2W-113492,DEP,12/14/2011 12:42,57,,L03
VR2W-113492,RET,3/27/2012 16:18,57,,L03
VR2W-113492,DEP,3/27/2012 16:38,57,,L03
VR2W-113492,RET,6/19/2012 9:03,57,,L03
VR2W-113492,DEP,6/19/2012 9:23,57,,L03
VR2W-113492,RET,9/24/2012 8:35,57,,L03
VR2W-113492,DEP,9/24/2012 8:55,57,,L03
VR2W-113492,Ret,5/5/2013 14:06,57,,L03
VR2W-113042,Dep,10/4/2011 7:00,58,,L05
VR2W-113042,RET,12/14/2011 12:11,58,,L05
VR2W-113042,DEP,12/14/2011 12:31,58,,L05
VR2W-113042,RET,3/27/2012 16:38,58,,L05
VR2W-113042,DEP,3/27/2012 16:58,58,,L05
VR2W-113042,Ret,6/19/2012 8:52,58,,L05
VR2W-113038,Dep,4/29/2012 10:40,59,,G1-0
VR2W-113038,RET,6/19/2012 8:17,59,,G1-0
VR2W-113038,DEP,6/19/2012 8:37,59,,G1-0
VR2W-113038,RET,9/24/2012 9:42,59,,G1-0
VR2W-113038,DEP,9/24/2012 10:02,59,,G1-0
VR2W-113038,Ret,5/6/2013 11:09,59,,G1-0
VR2W-114056,Dep,4/29/2012 12:15,60,,G1-2
VR2W-114056,Ret,5/5/2013 14:47,60,,G1-2
VR2W-113473,Dep,9/20/2011 14:00,61,,G1-3
VR2W-113473,RET,10/1/2011 8:14,61,,G1-3
VR2W-113473,DEP,10/1/2011 8:34,61,,G1-3
VR2W-113473,RET,12/14/2011 9:23,61,,G1-3
VR2W-113473,DEP,12/14/2011 9:43,61,,G1-3
VR2W-113473,RET,3/27/2012 9:33,61,,G1-3
VR2W-113473,DEP,3/27/2012 9:53,61,,G1-3
VR2W-113473,RET,6/19/2012 7:57,61,,G1-3
VR2W-113473,DEP,6/19/2012 8:17,61,,G1-3
VR2W-113473,RET,9/24/2012 10:37,61,,G1-3
VR2W-113473,DEP,9/24/2012 10:57,61,,G1-3
VR2W-113473,Ret,5/5/2013 15:28,61,,G1-3
VR2W-113489,Dep,9/20/2011 14:11,62,,G2-0
VR2W-113489,Ret,5/6/2013 12:32,62,,G2-0
VR2W-113495,Dep,10/3/2011 7:00,63,,G2-1
VR2W-113495,Ret,5/6/2013 11:50,63,,G2-1
VR2W-113496,Dep,10/3/2011 7:00,64,,G2-2
VR2W-113473,RET,12/14/2011 9:23,64,,G2-2
VR2W-113496,DEP,12/14/2011 10:30,64,,G2-2
VR2W-113473,RET,3/27/2012 9:33,64,,G2-2
VR2W-113496,DEP,3/27/2012 12:30,64,,G2-2
VR2W-113473,RET,6/19/2012 7:57,64,,G2-2
VR2W-113496,DEP,6/19/2012 11:36,64,,G2-2
VR2W-113473,RET,9/24/2012 10:37,64,,G2-2
VR2W-113496,DEP,9/24/2012 12:04,64,,G2-2
VR2W-113496,Ret,5/6/2013 12:33,64,,G2-2
VR2W-113491,Dep,9/13/2011 16:45,65,,B01
VR2W-113491,RET,10/1/2011 8:05,65,,B01
VR2W-113491,DEP,10/1/2011 8:25,65,,B01
VR2W-113491,RET,12/14/2011 10:28,65,,B01
VR2W-113491,DEP,12/14/2011 10:48,65,,B01
VR2W-113491,RET,3/27/2012 14:25,65,,B01
VR2W-113491,DEP,3/27/2012 14:45,65,,B01
VR2W-113491,RET,6/19/2012 10:58,65,,B01
VR2W-113491,DEP,6/19/2012 11:18,65,,B01
VR2W-113491,Ret,9/24/2012 11:10,65,,B01
VR2W-113030,Dep,10/4/2011 7:00,66,,B03
VR2W-113030,RET,12/14/2011 10:37,66,,B03
VR2W-113030,DEP,12/14/2011 10:57,66,,B03
VR2W-113030,RET,3/27/2012 14:11,66,,B03
VR2W-113030,DEP,3/27/2012 14:31,66,,B03
VR2W-113030,RET,6/19/2012 10:36,66,,B03
VR2W-113030,DEP,6/19/2012 10:56,66,,B03
VR2W-113030,Ret,9/24/2012 11:15,66,,B03
